email;certification_name;associated_with;date
aaronbrown@example.org;agile certified practitioner (pmi-acp);institute bridges, robbins and myers;2019
aaronbrown@example.org;certified information systems security professional (cissp);institute jennings-martin;2015
aaronbrown@example.org;registered health information technician (rhit);institute stewart, braun and jones;2014
abigail73@example.com;cisco certified network associate (ccna);institute hernandez ltd;2015
abigail73@example.com;lean six sigma green belt;institute hill, morris and martin;2025
abigail73@example.com;project management professional (pmp);institute cooper-cook;2020
abigail75@example.org;cisco certified network associate (ccna);institute hogan group;2020
abigail75@example.org;google professional cloud architect;institute eaton, fields and hernandez;2011
abigail75@example.org;hubspot content marketing certification;institute williams-moses;2016
abyrd@example.org;adobe certified professional;institute mayer-harvey;2025
abyrd@example.org;certified medical assistant (cma);institute griffith-sutton;2023
abyrd@example.org;welding certification (aws certified welder);institute smith, cordova and jones;2012
acostarebecca@example.com;certified medical assistant (cma);institute mills-escobar;2018
acostarebecca@example.com;comptia network+;institute wright-wilson;2017
acostashannon@example.org;certified medical assistant (cma);institute owens ltd;2024
acostashannon@example.org;certified scrummaster (csm);institute weber-craig;2020
adrian73@example.com;registered health information technician (rhit);institute pennington-walton;2021
alicia10@example.com;certified energy manager (cem);institute blair, odom and wade;2024
alicia10@example.com;leed green associate;institute manning, farley and rivera;2022
alicia35@example.net;project management professional (pmp);institute decker, wiggins and carr;2018
alicia35@example.net;society for human resource management - certified professional (shrm-cp);institute thompson, anderson and hardy;2015
alicia35@example.net;welding certification (aws certified welder);institute chang-harrison;2019
allenheather@example.net;certified medical assistant (cma);institute berry, horn and buchanan;2016
amanda54@example.org;microsoft certified: azure fundamentals;institute chambers-fitzgerald;2023
amandaburgess@example.net;certified medical assistant (cma);institute davis inc;2018
amandaburgess@example.net;certified scrummaster (csm);institute frye group;2011
amandalynch@example.com;certified information systems security professional (cissp);institute jimenez group;2016
amandalynch@example.com;certified scrummaster (csm);institute farmer ltd;2012
ambertaylor@example.com;google ads certification;institute hoffman-armstrong;2016
ambertaylor@example.com;leed green associate;institute stout-allen;2025
amyporter@example.com;certified energy manager (cem);institute lloyd, lynch and gentry;2018
amyporter@example.com;certified information systems security professional (cissp);institute stephens-smith;2015
amyporter@example.com;hubspot content marketing certification;institute anderson, price and richardson;2021
amyscott@example.com;certified electrician license;institute walton plc;2024
amyscott@example.com;certified energy manager (cem);institute lee-wade;2016
amyscott@example.com;certified information systems security professional (cissp);institute franco, vasquez and guerra;2022
andersonlauren@example.com;facebook certified digital marketing associate;institute parker-walker;2019
andersonlauren@example.com;leed green associate;institute robinson plc;2022
andersonlauren@example.com;project management professional (pmp);institute riley ltd;2020
andrewcarter@example.com;aws certified solutions architect;institute miller-taylor;2024
andrewcarter@example.com;project management professional (pmp);institute holmes and sons;2022
andrewgarcia@example.net;certified medical assistant (cma);institute richardson-gonzalez;2012
andrewgarcia@example.net;osha safety certification;institute gutierrez-owens;2010
angeladixon@example.org;hubspot content marketing certification;institute matthews ltd;2018
angelaharrison@example.org;certified scrummaster (csm);institute campos-riley;2018
angelaharrison@example.org;comptia security+;institute williams-payne;2021
annalucas@example.com;adobe certified professional;institute barnes inc;2016
annalucas@example.com;agile certified practitioner (pmi-acp);institute baker, sparks and nguyen;2012
annalucas@example.com;comptia network+;institute mckee, shepard and anderson;2018
anthony73@example.com;adobe certified professional;institute garner-lee;2024
anthony73@example.com;google ads certification;institute brown group;2020
anthony73@example.com;microsoft certified: azure fundamentals;institute harris, pollard and reyes;2023
anthonyrivera@example.net;microsoft certified: azure fundamentals;institute fernandez, baldwin and brewer;2023
anthonyruiz@example.org;certified business analysis professional (cbap);institute key ltd;2024
anthonyruiz@example.org;registered health information technician (rhit);institute foster, ward and wilson;2018
aprilrodriguez@example.org;google ads certification;institute lee inc;2019
areyes@example.com;hvac certification;institute melton, palmer and oconnor;2023
areyes@example.com;osha safety certification;institute miller and sons;2017
armstrongrenee@example.org;comptia a+;institute obrien, mejia and brown;2016
armstrongrenee@example.org;welding certification (aws certified welder);institute mitchell and sons;2020
ashleyholt@example.com;certified energy manager (cem);institute jones, martinez and green;2011
ashleyjames@example.com;certified electrician license;institute little, wilson and sullivan;2013
ashleyjames@example.com;facebook certified digital marketing associate;institute carroll-bauer;2023
asmith@example.net;society for human resource management - certified professional (shrm-cp);institute arroyo, cohen and powell;2010
atkinsondavid@example.net;basic life support (bls);institute evans-stark;2021
atkinsondavid@example.net;certified ethical hacker (ceh);institute rosario inc;2024
atkinsondavid@example.net;certified medical assistant (cma);institute wagner-flores;2021
austinellis@example.com;google professional cloud architect;institute cook, booker and love;2018
baileysherri@example.com;certified medical assistant (cma);institute le, owens and wong;2010
baileysherri@example.com;comptia security+;institute hurst inc;2016
barajasjonathan@example.org;hvac certification;institute baker llc;2011
barajasjonathan@example.org;senior professional in human resources (sphr);institute gould, jenkins and nichols;2014
barbaranewton@example.com;adobe certified professional;institute hanna, patrick and carter;2010
barbaranewton@example.com;basic life support (bls);institute dickerson plc;2010
barbaranewton@example.com;comptia a+;institute boyd, gonzales and torres;2023
barkerjennifer@example.org;adobe certified professional;institute hughes-clark;2017
barkerjennifer@example.org;aws certified solutions architect;institute deleon plc;2013
barrmichael@example.org;certified electrician license;institute wilson inc;2014
barrymarsh@example.com;basic life support (bls);institute cherry ltd;2019
barrymarsh@example.com;certified medical assistant (cma);institute mejia-stewart;2014
bball@example.org;certified energy manager (cem);institute wood, kidd and knight;2021
bball@example.org;comptia a+;institute velasquez, wallace and hawkins;2015
bcraig@example.com;hubspot content marketing certification;institute barnes-mcintyre;2017
bcraig@example.net;certified business analysis professional (cbap);institute nelson, hall and thompson;2013
bcraig@example.net;certified energy manager (cem);institute paul-duran;2021
benjaminblack@example.com;facebook certified digital marketing associate;institute walker-padilla;2023
benjaminrichards@example.net;certified energy manager (cem);institute wong group;2016
benjaminrichards@example.net;professional in human resources (phr);institute durham-taylor;2020
benjaminrichards@example.net;society for human resource management - certified professional (shrm-cp);institute allen, ellis and moore;2016
bgarcia@example.net;certified electrician license;institute hall, melendez and jimenez;2021
bgarcia@example.net;comptia a+;institute ingram, greene and stanley;2023
bgarcia@example.net;society for human resource management - certified professional (shrm-cp);institute hurley and sons;2014
bnelson@example.com;certified business analysis professional (cbap);institute short group;2013
boydpeter@example.org;google ads certification;institute carter-martin;2025
boydpeter@example.org;hvac certification;institute flores-wright;2013
brandongill@example.com;certified information systems security professional (cissp);institute ross-castro;2018
brandongill@example.com;professional in human resources (phr);institute bennett-rodriguez;2025
brandonramirez@example.com;certified nursing assistant (cna);institute austin-baker;2011
brandonramirez@example.com;facebook certified digital marketing associate;institute thompson-charles;2022
brandonramirez@example.com;project management professional (pmp);institute howe, reed and elliott;2025
brendagonzalez@example.org;professional in human resources (phr);institute perez llc;2010
brendagonzalez@example.org;senior professional in human resources (sphr);institute brennan-jennings;2022
brendagonzalez@example.org;welding certification (aws certified welder);institute walker-simpson;2021
brianna07@example.com;certified energy manager (cem);institute good, cox and good;2014
brianna07@example.com;comptia security+;institute diaz, hawkins and miller;2021
brianna07@example.com;facebook certified digital marketing associate;institute nguyen, ryan and cruz;2019
brianna17@example.org;adobe certified professional;institute hill, edwards and richard;2020
brianna17@example.org;agile certified practitioner (pmi-acp);institute carr, roberts and thompson;2021
brianrogers@example.com;adobe certified professional;institute pierce llc;2024
brianrogers@example.com;certified scrummaster (csm);institute clark, anderson and munoz;2025
brianrogers@example.com;hvac certification;institute williams-gross;2014
brittany49@example.net;certified business analysis professional (cbap);institute jones-woods;2023
brittany49@example.net;comptia security+;institute cummings-martinez;2010
brittany49@example.net;osha safety certification;institute davis plc;2024
brittanycooper@example.net;google ads certification;institute sweeney-holmes;2021
brittneyfreeman@example.net;certified medical assistant (cma);institute barber and sons;2024
brittneykim@example.com;adobe certified professional;institute henry llc;2011
brittneykim@example.com;certified business analysis professional (cbap);institute foster, gray and ferguson;2019
brookeaustin@example.org;certified business analysis professional (cbap);institute harvey-terry;2010
brookeaustin@example.org;certified ethical hacker (ceh);institute romero, chambers and kim;2019
brookeaustin@example.org;certified medical assistant (cma);institute wilkins-wilson;2015
butlercory@example.net;professional in human resources (phr);institute terry, mendoza and aguilar;2016
carl05@example.net;certified energy manager (cem);institute stephens, sanchez and miller;2016
carlosramirez@example.com;certified scrummaster (csm);institute russell, whitehead and terrell;2010
carriehutchinson@example.net;certified information systems security professional (cissp);institute strickland-lane;2019
carriehutchinson@example.net;comptia a+;institute velasquez-griffin;2012
carriehutchinson@example.net;comptia security+;institute serrano, russell and taylor;2015
carrollleslie@example.com;certified medical assistant (cma);institute scott, jackson and horne;2022
casejason@example.org;certified energy manager (cem);institute perez-williams;2020
casejason@example.org;certified information systems security professional (cissp);institute rivera, murphy and coleman;2023
cassie89@example.org;google ads certification;institute petty-jones;2022
catherine77@example.org;certified nursing assistant (cna);institute miller plc;2012
chad23@example.org;hvac certification;institute rodriguez-cooper;2025
chad23@example.org;project management professional (pmp);institute villarreal and sons;2022
charles55@example.net;agile certified practitioner (pmi-acp);institute barnes-aguilar;2025
chelsea36@example.net;aws certified solutions architect;institute cox-curry;2020
cholland@example.net;agile certified practitioner (pmi-acp);institute hall inc;2016
cholland@example.net;comptia security+;institute smith-ochoa;2014
cholland@example.net;osha safety certification;institute houston llc;2016
christiankaiser@example.org;certified medical assistant (cma);institute johnson-cox;2024
christiankaiser@example.org;hubspot content marketing certification;institute duffy ltd;2025
christinafry@example.net;facebook certified digital marketing associate;institute lam, young and miller;2010
christinafry@example.net;microsoft certified: azure fundamentals;institute reed, flores and morrison;2010
christine33@example.org;comptia network+;institute pope plc;2017
christinebennett@example.net;welding certification (aws certified welder);institute pittman-elliott;2012
christinethomas@example.com;hubspot content marketing certification;institute richardson-gilmore;2014
christinethomas@example.com;registered health information technician (rhit);institute contreras plc;2016
christinethomas@example.com;society for human resource management - certified professional (shrm-cp);institute friedman group;2024
christopher27@example.com;adobe certified professional;institute murphy, perry and levine;2016
christopher27@example.com;certified information systems security professional (cissp);institute ramirez-williams;2021
christopher27@example.com;cisco certified network associate (ccna);institute wang-hudson;2024
christopher94@example.net;aws certified solutions architect;institute ryan-gordon;2014
christopherbaird@example.org;google professional cloud architect;institute gonzalez, zimmerman and pollard;2023
christopherbaird@example.org;professional in human resources (phr);institute savage, cook and fuller;2016
christopherbaird@example.org;project management professional (pmp);institute price-rogers;2013
christophergutierrez@example.net;hubspot content marketing certification;institute jones, jacobs and cross;2025
christophergutierrez@example.net;lean six sigma green belt;institute harris plc;2016
cindy74@example.org;microsoft certified: azure fundamentals;institute michael-thompson;2018
cindy97@example.com;basic life support (bls);institute schneider-marshall;2025
cindysharp@example.org;comptia security+;institute hall plc;2010
cindysharp@example.org;google professional cloud architect;institute marsh group;2016
cjackson@example.net;certified electrician license;institute chapman, cook and hunter;2024
cjackson@example.net;microsoft certified: azure fundamentals;institute williams-harvey;2010
clarkjill@example.net;facebook certified digital marketing associate;institute jones, jones and torres;2018
clarkjill@example.net;registered health information technician (rhit);institute johnson-reilly;2019
clarkstephanie@example.com;certified business analysis professional (cbap);institute bell plc;2013
clarkstephanie@example.com;cisco certified network associate (ccna);institute jones-davis;2014
clarkstephanie@example.com;google ads certification;institute peters-wolfe;2020
claytonwilliams@example.net;certified business analysis professional (cbap);institute hale plc;2015
clloyd@example.net;adobe certified professional;institute rowland-browning;2024
clloyd@example.net;google professional cloud architect;institute ochoa ltd;2022
cohenalexander@example.org;adobe certified professional;institute humphrey plc;2021
colleenwall@example.com;certified information systems security professional (cissp);institute jackson, garcia and barnes;2020
colonhayley@example.net;registered health information technician (rhit);institute harris-green;2012
connor24@example.org;certified energy manager (cem);institute weiss-gutierrez;2010
connor24@example.org;hubspot content marketing certification;institute gonzalez plc;2016
courtney49@example.org;basic life support (bls);institute dixon inc;2013
courtney75@example.com;microsoft certified: azure fundamentals;institute phillips ltd;2014
courtneyhiggins@example.org;certified energy manager (cem);institute conley-rodriguez;2020
cowandaniel@example.com;aws certified solutions architect;institute hebert, davis and oneal;2025
coxsusan@example.net;aws certified solutions architect;institute acevedo group;2021
coxsusan@example.net;google ads certification;institute morgan, lee and bender;2022
coxsusan@example.net;leed green associate;institute hutchinson-kelly;2025
crystalsmith@example.net;agile certified practitioner (pmi-acp);institute collins-williams;2019
crystalsmith@example.net;certified ethical hacker (ceh);institute alexander, thomas and shaw;2016
crystalsmith@example.net;comptia a+;institute miller-atkinson;2015
cynthia55@example.org;certified business analysis professional (cbap);institute hunt, wolfe and rios;2022
cynthia55@example.org;leed green associate;institute francis, pierce and allen;2024
danatorres@example.com;cisco certified network associate (ccna);institute livingston group;2025
danielbernard@example.org;project management professional (pmp);institute brown inc;2023
danieljames@example.com;microsoft certified: azure fundamentals;institute franklin, jordan and smith;2012
danielpowers@example.org;google ads certification;institute horton-elliott;2020
danielpowers@example.org;welding certification (aws certified welder);institute howe, lopez and smith;2019
david59@example.com;comptia security+;institute walker-white;2024
david59@example.com;google ads certification;institute allen-smith;2024
david59@example.com;welding certification (aws certified welder);institute baker-cox;2023
davidbarker@example.com;adobe certified professional;institute martin group;2014
davidbarker@example.com;google professional cloud architect;institute weaver, murray and logan;2015
davidjames@example.com;google professional cloud architect;institute hall, coleman and mann;2023
davidjames@example.com;osha safety certification;institute garner, odonnell and bell;2019
davidoliver@example.com;project management professional (pmp);institute patterson and sons;2011
davidwood@example.org;adobe certified professional;institute gaines and sons;2021
davidwood@example.org;agile certified practitioner (pmi-acp);institute kelly-ramirez;2023
davidwood@example.org;certified medical assistant (cma);institute harris ltd;2024
daviscaroline@example.com;comptia security+;institute robertson, gallegos and rowe;2017
daviscaroline@example.com;google ads certification;institute aguilar plc;2024
daviscaroline@example.com;leed green associate;institute barnett-pruitt;2010
daviskenneth@example.com;hvac certification;institute perez, johnson and rodriguez;2015
daviskenneth@example.com;welding certification (aws certified welder);institute williams, knight and woodward;2022
dawnrodriguez@example.net;certified business analysis professional (cbap);institute gibson, bernard and joseph;2012
dawnrodriguez@example.net;hvac certification;institute avila-wheeler;2016
dawnrodriguez@example.net;osha safety certification;institute hickman-davis;2022
dbryan@example.net;aws certified solutions architect;institute warren and sons;2020
dbryan@example.net;certified nursing assistant (cna);institute bush, stafford and martin;2021
deborah94@example.net;comptia network+;institute hughes, may and garcia;2024
deborah94@example.net;professional in human resources (phr);institute carter-wheeler;2013
deborah94@example.net;senior professional in human resources (sphr);institute ray, gray and moore;2024
deborahwilliams@example.com;certified nursing assistant (cna);institute oconnor and sons;2011
deborahwilliams@example.com;comptia network+;institute jones group;2010
debra49@example.com;certified business analysis professional (cbap);institute johnson, weaver and walsh;2013
debra49@example.com;comptia security+;institute schroeder-johnson;2024
deniseramirez@example.org;aws certified solutions architect;institute bell plc;2021
deniseramirez@example.org;certified electrician license;institute fernandez, adams and ruiz;2023
deniseramirez@example.org;society for human resource management - certified professional (shrm-cp);institute pope group;2016
dennisjo@example.com;professional in human resources (phr);institute ward-hartman;2013
devinklein@example.org;lean six sigma green belt;institute hanson inc;2013
devinklein@example.org;society for human resource management - certified professional (shrm-cp);institute thompson-phillips;2019
dferguson@example.com;microsoft certified: azure fundamentals;institute collins-kramer;2014
dhall@example.org;agile certified practitioner (pmi-acp);institute rivera llc;2021
dhall@example.org;senior professional in human resources (sphr);institute barton inc;2024
diana83@example.net;leed green associate;institute smith-hall;2020
diana83@example.net;project management professional (pmp);institute hood plc;2016
dianesmith@example.com;adobe certified professional;institute kennedy, miller and marshall;2025
dixonbrett@example.org;comptia network+;institute johns-neal;2016
dixonbrett@example.org;facebook certified digital marketing associate;institute jimenez plc;2025
dixonbrett@example.org;osha safety certification;institute davis group;2014
donna21@example.org;welding certification (aws certified welder);institute kemp ltd;2023
donna34@example.com;aws certified solutions architect;institute hays plc;2025
donna34@example.com;basic life support (bls);institute chandler, stone and mcmahon;2019
doris30@example.org;certified electrician license;institute lopez, murphy and pittman;2025
doris30@example.org;professional in human resources (phr);institute anderson-keller;2024
dorothy41@example.org;certified medical assistant (cma);institute mckinney-prince;2021
dorothy41@example.org;google ads certification;institute george llc;2014
dorothy41@example.org;google professional cloud architect;institute taylor, sims and hicks;2011
douglasbarajas@example.net;certified information systems security professional (cissp);institute murphy group;2019
ebrown@example.org;osha safety certification;institute wolfe inc;2012
ebrown@example.org;certified electrician license;institute mcconnell, ferguson and lee;2024
edrake@example.com;certified medical assistant (cma);institute wilson inc;2017
edrake@example.com;certified nursing assistant (cna);institute davis, schmitt and harrison;2023
eduncan@example.com;welding certification (aws certified welder);institute martinez plc;2013
eric73@example.org;certified information systems security professional (cissp);institute riley-mccoy;2014
eric73@example.org;certified scrummaster (csm);institute oneill, perez and valenzuela;2010
eric73@example.org;hubspot content marketing certification;institute mcdowell llc;2017
erica29@example.net;aws certified solutions architect;institute oliver ltd;2011
erica29@example.net;google professional cloud architect;institute flores, fisher and mason;2020
erica40@example.net;certified information systems security professional (cissp);institute davis, perez and hart;2021
erica40@example.net;google ads certification;institute ramsey plc;2013
erica40@example.net;lean six sigma green belt;institute richmond-reid;2017
ericyoung@example.org;certified ethical hacker (ceh);institute castillo, cline and parker;2025
erin94@example.net;comptia security+;institute rivera ltd;2016
erin94@example.net;senior professional in human resources (sphr);institute richards inc;2010
fcarroll@example.org;certified energy manager (cem);institute roberts-sullivan;2020
fcarroll@example.org;certified information systems security professional (cissp);institute davidson-henderson;2011
fcarroll@example.org;hvac certification;institute butler, padilla and walker;2011
felicia33@example.net;certified scrummaster (csm);institute park-ayers;2020
felicia33@example.net;comptia a+;institute harris-west;2024
fergusongabriela@example.org;hvac certification;institute rodriguez-black;2024
ffuller@example.com;facebook certified digital marketing associate;institute henry-fletcher;2014
flemingdeborah@example.org;comptia network+;institute willis, park and mcguire;2017
flemingdeborah@example.org;society for human resource management - certified professional (shrm-cp);institute young inc;2011
fnichols@example.org;microsoft certified: azure fundamentals;institute knox and sons;2011
fowlerrobert@example.org;agile certified practitioner (pmi-acp);institute nguyen-roberts;2023
fowlerrobert@example.org;cisco certified network associate (ccna);institute diaz-reilly;2022
fowlerrobert@example.org;comptia security+;institute ford-simpson;2016
foxlori@example.com;cisco certified network associate (ccna);institute oconnell-forbes;2020
foxlori@example.com;professional in human resources (phr);institute myers-ruiz;2025
foxlori@example.com;society for human resource management - certified professional (shrm-cp);institute torres, gilmore and riddle;2012
foxmichael@example.com;certified energy manager (cem);institute koch, lamb and mclaughlin;2019
frandall@example.net;certified energy manager (cem);institute moore-parrish;2015
frandall@example.net;lean six sigma green belt;institute robbins llc;2013
frankmclean@example.com;society for human resource management - certified professional (shrm-cp);institute farmer group;2017
garykelly@example.org;agile certified practitioner (pmi-acp);institute hester-soto;2020
garykelly@example.org;aws certified solutions architect;institute brennan, bright and johnson;2014
garykelly@example.org;welding certification (aws certified welder);institute vaughn ltd;2024
gcruz@example.com;society for human resource management - certified professional (shrm-cp);institute elliott, brown and kaiser;2014
geoffreygrant@example.com;professional in human resources (phr);institute taylor, taylor and morse;2025
geoffreygrant@example.com;society for human resource management - certified professional (shrm-cp);institute chen group;2018
georgerichard@example.org;aws certified solutions architect;institute rose-martinez;2016
georgerichard@example.org;microsoft certified: azure fundamentals;institute williams-townsend;2019
gerald87@example.net;certified information systems security professional (cissp);institute wilson-arnold;2011
gerald87@example.net;cisco certified network associate (ccna);institute johnson-smith;2011
geraldpowell@example.net;certified business analysis professional (cbap);institute gould, simpson and clark;2010
geraldpowell@example.net;comptia security+;institute yoder-harmon;2019
gibsonsamantha@example.org;aws certified solutions architect;institute moore, wright and davis;2013
gibsonsamantha@example.org;google professional cloud architect;institute howard, nichols and lee;2025
gilbertamy@example.com;google professional cloud architect;institute gibbs, morton and schultz;2018
gilbertamy@example.com;osha safety certification;institute hammond, garcia and turner;2014
gmcclure@example.org;welding certification (aws certified welder);institute lara, smith and smith;2022
gonzalezdaniel@example.net;comptia security+;institute giles-carpenter;2024
granthaley@example.net;aws certified solutions architect;institute welch-miller;2025
granthaley@example.net;cisco certified network associate (ccna);institute phillips ltd;2017
granthaley@example.net;comptia a+;institute giles-thomas;2015
grayjillian@example.org;certified energy manager (cem);institute hernandez, hudson and moss;2013
grayjillian@example.org;leed green associate;institute chavez-richard;2017
gregmccall@example.net;certified ethical hacker (ceh);institute ford-walter;2018
gregmccall@example.net;leed green associate;institute conrad inc;2023
gregmccall@example.net;welding certification (aws certified welder);institute hughes inc;2015
gregorykathleen@example.org;comptia security+;institute larson inc;2010
gregorykathleen@example.org;hubspot content marketing certification;institute zamora, mckinney and wallace;2020
gregorykathleen@example.org;osha safety certification;institute king, campbell and fischer;2020
gsimmons@example.net;certified scrummaster (csm);institute collins, davis and dillon;2022
gsimmons@example.net;comptia network+;institute pope-lee;2019
gsimmons@example.net;registered health information technician (rhit);institute sheppard, sutton and thompson;2019
hailey65@example.net;certified medical assistant (cma);institute turner, weeks and gonzalez;2014
hailey65@example.net;hvac certification;institute black inc;2011
hailey65@example.net;registered health information technician (rhit);institute yang-hill;2010
hannah15@example.com;adobe certified professional;institute clarke-hunter;2020
hannah15@example.com;project management professional (pmp);institute smith, sanchez and frederick;2011
hannah15@example.com;senior professional in human resources (sphr);institute ruiz, gonzalez and berg;2019
hberger@example.com;certified electrician license;institute edwards ltd;2024
hberger@example.com;certified information systems security professional (cissp);institute murray, walls and duarte;2023
hberger@example.com;certified medical assistant (cma);institute walker, ross and collins;2019
hduncan@example.net;society for human resource management - certified professional (shrm-cp);institute fletcher and sons;2024
hdurham@example.com;basic life support (bls);institute monroe and sons;2015
heather26@example.com;agile certified practitioner (pmi-acp);institute williams, king and burch;2023
heather26@example.com;comptia a+;institute ward-reyes;2019
heatherolsen@example.com;aws certified solutions architect;institute owen-carpenter;2022
heatherolsen@example.com;google ads certification;institute parker-carter;2020
heatherolsen@example.com;society for human resource management - certified professional (shrm-cp);institute harrell ltd;2012
heidiharris@example.org;osha safety certification;institute mccullough-golden;2021
heidiharris@example.org;senior professional in human resources (sphr);institute banks-price;2021
hendersonjoseph@example.net;certified medical assistant (cma);institute ortiz llc;2021
hendersonjoseph@example.net;certified nursing assistant (cna);institute parrish-smith;2025
hhall@example.net;cisco certified network associate (ccna);institute moore, welch and west;2011
hhall@example.net;professional in human resources (phr);institute flores-clark;2016
hhunter@example.org;certified energy manager (cem);institute jordan-butler;2024
hhunter@example.org;microsoft certified: azure fundamentals;institute calhoun-rivers;2012
hillmegan@example.org;adobe certified professional;institute harvey and sons;2024
hillmegan@example.org;certified electrician license;institute smith, miller and wilcox;2015
hillmegan@example.org;society for human resource management - certified professional (shrm-cp);institute foster, russell and stewart;2014
hjackson@example.org;adobe certified professional;institute rodriguez ltd;2024
hjackson@example.org;professional in human resources (phr);institute richards, long and barrera;2017
hjackson@example.org;senior professional in human resources (sphr);institute weiss-cobb;2015
hmarshall@example.net;senior professional in human resources (sphr);institute roberts-brown;2020
hmarshall@example.net;society for human resource management - certified professional (shrm-cp);institute hughes, miles and wilson;2012
hmitchell@example.org;comptia security+;institute espinoza-davis;2022
hmitchell@example.org;google professional cloud architect;institute williams and sons;2015
howellsarah@example.org;basic life support (bls);institute bishop-howe;2012
howellsarah@example.org;microsoft certified: azure fundamentals;institute foley llc;2017
howellsarah@example.org;senior professional in human resources (sphr);institute parker ltd;2019
hpierce@example.com;certified medical assistant (cma);institute gonzalez-tanner;2010
hpierce@example.com;comptia security+;institute stewart group;2012
hroberson@example.net;aws certified solutions architect;institute cuevas, shaw and clark;2010
hroberson@example.net;basic life support (bls);institute patel-romero;2021
hroberson@example.net;comptia security+;institute henry group;2014
hsantiago@example.org;certified business analysis professional (cbap);institute davis, compton and bell;2016
hsantiago@example.org;facebook certified digital marketing associate;institute williams group;2024
hsantiago@example.org;google professional cloud architect;institute meyers, smith and lopez;2024
hstanley@example.net;agile certified practitioner (pmi-acp);institute ramos, ellison and sloan;2013
hstanley@example.net;lean six sigma green belt;institute miller ltd;2018
hstanley@example.net;society for human resource management - certified professional (shrm-cp);institute rubio, cooper and ramirez;2012
hunterandres@example.net;comptia network+;institute collins, cabrera and berg;2025
hunterandres@example.net;osha safety certification;institute schmidt, lin and gonzalez;2025
hwilliams@example.org;hubspot content marketing certification;institute smith-costa;2021
hwilliams@example.org;microsoft certified: azure fundamentals;institute duarte, mason and brown;2024
hwilliams@example.org;society for human resource management - certified professional (shrm-cp);institute santana group;2020
igates@example.com;certified business analysis professional (cbap);institute morales and sons;2010
igates@example.com;certified nursing assistant (cna);institute sweeney, henry and adams;2024
igates@example.com;comptia network+;institute hoffman, glover and butler;2024
ingramdawn@example.com;lean six sigma green belt;institute schmidt, peters and carpenter;2014
ingramdawn@example.com;senior professional in human resources (sphr);institute wilkinson, stewart and ross;2014
iruiz@example.com;certified scrummaster (csm);institute browning-holt;2016
iruiz@example.com;welding certification (aws certified welder);institute benton-daniels;2015
iwilliams@example.com;adobe certified professional;institute moreno, nichols and petersen;2023
iwilliams@example.com;certified business analysis professional (cbap);institute schmidt, reed and gross;2014
jacksonjoshua@example.org;microsoft certified: azure fundamentals;institute shaw-decker;2024
jacob58@example.com;adobe certified professional;institute parker inc;2019
jacob58@example.com;hubspot content marketing certification;institute greene-sanders;2011
jacob58@example.com;welding certification (aws certified welder);institute foster and sons;2016
jadegutierrez@example.net;certified energy manager (cem);institute taylor-bender;2022
james30@example.net;certified electrician license;institute nguyen plc;2019
james30@example.net;certified medical assistant (cma);institute fletcher-ellison;2016
james30@example.net;certified scrummaster (csm);institute stein, sanchez and hill;2013
james71@example.org;certified energy manager (cem);institute clarke-jones;2024
james71@example.org;google professional cloud architect;institute johnson group;2023
james71@example.org;society for human resource management - certified professional (shrm-cp);institute watson-lee;2018
james82@example.net;project management professional (pmp);institute bell-olson;2016
jamesjensen@example.com;certified nursing assistant (cna);institute ayala-smith;2013
jamessanchez@example.org;cisco certified network associate (ccna);institute wilson-fitzgerald;2019
jamessanchez@example.org;comptia a+;institute stevens-glenn;2015
jamesthomas@example.net;leed green associate;institute morales ltd;2020
jamie15@example.net;adobe certified professional;institute jacobs, thompson and martin;2025
jamie15@example.net;welding certification (aws certified welder);institute sanchez group;2017
janet35@example.com;basic life support (bls);institute brown group;2015
janet35@example.com;hvac certification;institute walker, franklin and grant;2025
janice54@example.net;certified energy manager (cem);institute porter inc;2010
janice54@example.net;welding certification (aws certified welder);institute sanchez-klein;2018
jasmin57@example.org;senior professional in human resources (sphr);institute holt llc;2013
jasonzavala@example.com;hvac certification;institute brown, mccoy and calderon;2019
jcarter@example.net;aws certified solutions architect;institute williams, chan and dillon;2013
jeffery64@example.org;adobe certified professional;institute hodges group;2014
jeffery64@example.org;certified electrician license;institute solomon-weber;2025
jeffery64@example.org;certified ethical hacker (ceh);institute rodriguez, hernandez and martin;2023
jenkinscynthia@example.com;comptia a+;institute taylor-barnett;2014
jenkinscynthia@example.com;comptia network+;institute chen-newton;2019
jeremiah01@example.net;certified energy manager (cem);institute patton plc;2025
jeremiah01@example.net;comptia security+;institute wood, cook and brown;2014
jeremiah01@example.net;hubspot content marketing certification;institute turner, hernandez and preston;2011
jeremycastro@example.net;aws certified solutions architect;institute crawford, mercado and hensley;2022
jesseedwards@example.org;hubspot content marketing certification;institute moore-mejia;2010
jessicaaustin@example.net;basic life support (bls);institute ross group;2019
jessicaaustin@example.net;senior professional in human resources (sphr);institute williams, romero and mcdonald;2023
jessicabrown@example.net;society for human resource management - certified professional (shrm-cp);institute graham-brown;2023
jessicahurley@example.com;society for human resource management - certified professional (shrm-cp);institute richardson plc;2017
jessicasmith@example.net;hvac certification;institute saunders, dawson and howard;2020
jill64@example.com;google professional cloud architect;institute ray-olson;2014
jill64@example.com;society for human resource management - certified professional (shrm-cp);institute padilla and sons;2023
jjenkins@example.org;adobe certified professional;institute burke-thompson;2019
john90@example.net;certified ethical hacker (ceh);institute thompson plc;2015
john90@example.net;google professional cloud architect;institute kelly, watson and page;2017
johnbenton@example.com;adobe certified professional;institute wheeler ltd;2013
johnbenton@example.com;certified information systems security professional (cissp);institute moore-walker;2015
johnhernandez@example.org;certified ethical hacker (ceh);institute bates-simmons;2022
johnhernandez@example.org;lean six sigma green belt;institute cameron llc;2020
johnsonandrew@example.net;certified ethical hacker (ceh);institute johnson-miller;2020
johnsonandrew@example.net;certified information systems security professional (cissp);institute key, lewis and knapp;2022
johnsondeborah@example.net;basic life support (bls);institute holt-hensley;2015
johnsondeborah@example.net;facebook certified digital marketing associate;institute miller ltd;2014
johnsondeborah@example.net;registered health information technician (rhit);institute hall-diaz;2023
johnsonnancy@example.net;certified energy manager (cem);institute solis, kaiser and williams;2021
johnsonnancy@example.net;comptia a+;institute evans plc;2024
johnsonnancy@example.net;leed green associate;institute barnett, king and jones;2025
jonathanallen@example.net;certified nursing assistant (cna);institute pierce-herrera;2011
jordan24@example.org;certified electrician license;institute wilson-schmidt;2014
joshua34@example.net;comptia security+;institute whitaker-campbell;2016
joshuawatson@example.net;certified energy manager (cem);institute molina, collier and johnson;2020
jperry@example.net;adobe certified professional;institute carpenter inc;2012
jperry@example.net;comptia network+;institute floyd, torres and cruz;2012
jpeters@example.org;hubspot content marketing certification;institute parker plc;2021
jrodriguez@example.com;certified scrummaster (csm);institute mcdaniel, moore and jackson;2020
judyevans@example.org;facebook certified digital marketing associate;institute pollard-ortiz;2021
judyevans@example.org;google ads certification;institute kent, benton and bailey;2025
juliewarren@example.com;facebook certified digital marketing associate;institute nolan inc;2020
juliewarren@example.com;google professional cloud architect;institute snyder, martinez and miller;2023
karicarter@example.com;hubspot content marketing certification;institute fisher plc;2017
karicarter@example.com;microsoft certified: azure fundamentals;institute yang-thomas;2010
kathrynprice@example.org;professional in human resources (phr);institute bennett-ortiz;2021
kathrynprice@example.org;project management professional (pmp);institute barry inc;2019
katrinastewart@example.org;cisco certified network associate (ccna);institute bishop llc;2016
katrinastewart@example.org;comptia security+;institute roy ltd;2025
katrinastewart@example.org;hubspot content marketing certification;institute owens group;2015
kayla98@example.com;comptia a+;institute james-smith;2015
kayla98@example.com;comptia network+;institute christian-townsend;2018
kayla98@example.com;hvac certification;institute diaz plc;2012
kaylamccall@example.org;agile certified practitioner (pmi-acp);institute carr and sons;2025
kaylamccall@example.org;lean six sigma green belt;institute duncan, cooley and keith;2021
kaylamoreno@example.net;certified energy manager (cem);institute pham-potts;2015
kaylamoreno@example.net;society for human resource management - certified professional (shrm-cp);institute carter-powers;2012
kblack@example.com;registered health information technician (rhit);institute nunez, curry and jackson;2019
kdavis@example.net;certified energy manager (cem);institute grimes-scott;2024
kdavis@example.net;certified medical assistant (cma);institute rios-stewart;2012
kdavis@example.net;welding certification (aws certified welder);institute blackwell and sons;2024
keithgonzalez@example.com;osha safety certification;institute kelly-melton;2020
kelly93@example.net;facebook certified digital marketing associate;institute odonnell inc;2011
kellylopez@example.org;google professional cloud architect;institute villanueva plc;2020
kellylopez@example.org;society for human resource management - certified professional (shrm-cp);institute myers, thornton and hill;2014
kendra83@example.org;certified business analysis professional (cbap);institute morris-flores;2015
kendra83@example.org;lean six sigma green belt;institute bridges llc;2018
kenneth77@example.com;agile certified practitioner (pmi-acp);institute burke, rodriguez and barnes;2015
kentandre@example.org;google ads certification;institute hull llc;2025
kentandre@example.org;society for human resource management - certified professional (shrm-cp);institute smith, nguyen and esparza;2025
kevinmarshall@example.net;certified energy manager (cem);institute king-nixon;2015
kevinmarshall@example.net;project management professional (pmp);institute williams-hamilton;2016
kgreen@example.com;osha safety certification;institute oneal-garcia;2020
kgreen@example.com;welding certification (aws certified welder);institute roberts, brown and mccall;2023
khayes@example.com;adobe certified professional;institute jenkins, hoffman and rivera;2012
khayes@example.com;microsoft certified: azure fundamentals;institute rogers, sanchez and myers;2023
khayes@example.com;osha safety certification;institute diaz group;2017
khorn@example.net;certified information systems security professional (cissp);institute kelly, nelson and bell;2015
khorn@example.net;welding certification (aws certified welder);institute murphy inc;2013
kimberlywilliams@example.net;certified medical assistant (cma);institute bowers, price and patterson;2013
kimberlywilliams@example.net;professional in human resources (phr);institute nielsen-brown;2013
knightdenise@example.com;certified ethical hacker (ceh);institute brown, marks and watson;2013
knightdenise@example.com;project management professional (pmp);institute wright plc;2023
kristenmiles@example.net;cisco certified network associate (ccna);institute burton-crawford;2023
kristenmiles@example.net;welding certification (aws certified welder);institute moss, duncan and allen;2010
kristiedavis@example.com;microsoft certified: azure fundamentals;institute hamilton-vincent;2017
kross@example.net;registered health information technician (rhit);institute nguyen-kennedy;2017
ksmith@example.org;certified energy manager (cem);institute hancock, houston and nguyen;2016
ksmith@example.org;osha safety certification;institute smith, coffey and lewis;2022
kyle38@example.com;registered health information technician (rhit);institute phillips, sanders and barnes;2024
lauraconley@example.org;microsoft certified: azure fundamentals;institute mclean and sons;2013
lcox@example.net;comptia a+;institute parks, rogers and thompson;2012
lcox@example.net;comptia network+;institute lee-norman;2025
leonardjacob@example.net;aws certified solutions architect;institute castillo-poole;2021
leonardjacob@example.net;comptia a+;institute ray-hill;2011
leonnicholas@example.com;comptia a+;institute barr-walker;2015
lewisstephen@example.org;basic life support (bls);institute harris and sons;2017
lewisstephen@example.org;project management professional (pmp);institute carrillo llc;2017
lewisstephen@example.org;society for human resource management - certified professional (shrm-cp);institute hall, lee and wallace;2019
lindagonzales@example.com;certified business analysis professional (cbap);institute schwartz llc;2024
lisa53@example.net;hvac certification;institute adams, thomas and ferguson;2015
lisaarroyo@example.com;adobe certified professional;institute jenkins-jones;2021
lisaarroyo@example.com;certified scrummaster (csm);institute wright, jones and nguyen;2013
lisaarroyo@example.com;professional in human resources (phr);institute farley, colon and morrow;2021
logan02@example.net;certified energy manager (cem);institute jones and sons;2012
logan02@example.net;hubspot content marketing certification;institute carr, smith and alvarez;2010
lorettamack@example.org;comptia a+;institute harris inc;2022
lorettamack@example.org;comptia security+;institute martin inc;2011
lori37@example.org;aws certified solutions architect;institute sullivan, duran and griffin;2016
lori37@example.org;certified electrician license;institute perez llc;2011
lori37@example.org;certified information systems security professional (cissp);institute allen-woods;2011
louischapman@example.org;certified nursing assistant (cna);institute norris ltd;2014
louischapman@example.org;osha safety certification;institute may-bailey;2013
louischapman@example.org;welding certification (aws certified welder);institute murphy, woods and romero;2016
loveluke@example.net;google professional cloud architect;institute gonzalez, davidson and payne;2020
loveluke@example.net;welding certification (aws certified welder);institute prince, zimmerman and kane;2021
lpalmer@example.org;cisco certified network associate (ccna);institute reeves-harris;2020
lpalmer@example.org;senior professional in human resources (sphr);institute king-bowman;2012
lramirez@example.net;certified energy manager (cem);institute cruz, hamilton and collins;2012
lramirez@example.net;certified scrummaster (csm);institute rodriguez, gordon and hogan;2016
lsanders@example.org;certified business analysis professional (cbap);institute rodriguez, rich and williams;2023
lsanders@example.org;certified information systems security professional (cissp);institute carr group;2022
lsmith@example.net;comptia network+;institute may-adams;2022
lsmith@example.net;registered health information technician (rhit);institute phelps and sons;2018
lsmith@example.net;society for human resource management - certified professional (shrm-cp);institute bird ltd;2019
lynchrodney@example.com;adobe certified professional;institute wright, ruiz and bullock;2014
lynchrodney@example.com;certified electrician license;institute crawford-jackson;2010
lynn36@example.com;certified electrician license;institute lee-castillo;2021
lynn36@example.com;hvac certification;institute yang, johnston and jordan;2015
lynn36@example.com;senior professional in human resources (sphr);institute williams inc;2016
madams@example.org;certified ethical hacker (ceh);institute harris group;2023
maddoxcarlos@example.net;comptia a+;institute lopez and sons;2016
mallory33@example.org;comptia a+;institute hayden and sons;2023
mallory33@example.org;google professional cloud architect;institute sampson-wong;2015
marie11@example.com;certified information systems security professional (cissp);institute martin group;2016
marie11@example.com;certified scrummaster (csm);institute mitchell inc;2025
marie11@example.com;hvac certification;institute cook-reynolds;2025
mark06@example.com;cisco certified network associate (ccna);institute edwards inc;2013
mark06@example.com;society for human resource management - certified professional (shrm-cp);institute long-martinez;2018
mark16@example.net;professional in human resources (phr);institute johnson-garcia;2019
mark16@example.net;registered health information technician (rhit);institute davis llc;2012
martinezbrooke@example.org;aws certified solutions architect;institute moore ltd;2020
martinezbrooke@example.org;senior professional in human resources (sphr);institute grimes group;2012
mary75@example.net;hubspot content marketing certification;institute johnson ltd;2015
mary75@example.net;hvac certification;institute johnson, burton and gonzalez;2019
mary75@example.net;professional in human resources (phr);institute reyes-young;2014
marydelacruz@example.com;cisco certified network associate (ccna);institute nguyen, long and wilson;2012
marydelacruz@example.com;google ads certification;institute hansen, schmidt and franklin;2019
marydelacruz@example.com;osha safety certification;institute vasquez-hill;2024
marypowers@example.com;certified information systems security professional (cissp);institute mcdaniel ltd;2023
masonamanda@example.net;senior professional in human resources (sphr);institute peck llc;2010
matthew86@example.net;adobe certified professional;institute fox, collins and jones;2012
matthew86@example.net;aws certified solutions architect;institute smith-carter;2025
max24@example.org;cisco certified network associate (ccna);institute perez ltd;2019
maxwell39@example.org;microsoft certified: azure fundamentals;institute berg-ortiz;2013
mccoypatrick@example.com;professional in human resources (phr);institute chapman plc;2012
megan03@example.org;welding certification (aws certified welder);institute simpson, sullivan and shaw;2017
meganhernandez@example.org;facebook certified digital marketing associate;institute horton, miller and woods;2012
meganhernandez@example.org;microsoft certified: azure fundamentals;institute baker-kirk;2021
meganhernandez@example.org;senior professional in human resources (sphr);institute daniel, murphy and pena;2013
melody77@example.net;adobe certified professional;institute rich ltd;2013
melody77@example.net;certified nursing assistant (cna);institute marshall group;2020
melody77@example.net;comptia a+;institute dyer, leonard and small;2019
meredithsmith@example.net;aws certified solutions architect;institute jimenez and sons;2018
meredithsmith@example.net;professional in human resources (phr);institute williams, whitehead and rodriguez;2017
michael21@example.com;microsoft certified: azure fundamentals;institute cooper group;2025
michael36@example.org;certified medical assistant (cma);institute bullock inc;2020
michael57@example.net;google professional cloud architect;institute james-williams;2020
michael57@example.net;project management professional (pmp);institute reynolds, fleming and adams;2022
michael89@example.net;comptia security+;institute molina, baldwin and mason;2013
michael89@example.net;google professional cloud architect;institute rice ltd;2018
michael89@example.net;registered health information technician (rhit);institute robinson, alexander and castro;2010
michaelasparks@example.net;adobe certified professional;institute pope and sons;2022
michaelasparks@example.net;comptia security+;institute ford, lopez and perez;2025
michaelasparks@example.net;registered health information technician (rhit);institute smith group;2011
michele73@example.com;certified electrician license;institute lewis-gonzalez;2025
michele73@example.com;osha safety certification;institute chapman, williams and hubbard;2011
michellemason@example.net;certified information systems security professional (cissp);institute hampton llc;2021
michellemason@example.net;facebook certified digital marketing associate;institute ho-gill;2010
michelleodom@example.org;cisco certified network associate (ccna);institute gray, wilson and yoder;2018
middletondaniel@example.org;certified ethical hacker (ceh);institute beasley-vance;2017
middletondaniel@example.org;comptia network+;institute huff, ross and aguirre;2014
milesthomas@example.net;agile certified practitioner (pmi-acp);institute rios and sons;2014
millermonica@example.com;adobe certified professional;institute williams-shaw;2017
millermonica@example.com;certified energy manager (cem);institute phillips-cummings;2010
mitchelljanice@example.com;adobe certified professional;institute edwards, higgins and terry;2014
mmurphy@example.org;basic life support (bls);institute brady, wright and lowe;2014
moonscott@example.com;lean six sigma green belt;institute jones-hoffman;2014
moorelori@example.org;certified scrummaster (csm);institute west plc;2012
moorelori@example.org;lean six sigma green belt;institute vega inc;2014
moorerichard@example.org;hvac certification;institute logan-morgan;2023
moorerichard@example.org;project management professional (pmp);institute mills-wilkins;2018
moorerichard@example.org;society for human resource management - certified professional (shrm-cp);institute brooks-austin;2024
morrisjeffrey@example.net;basic life support (bls);institute powell ltd;2012
morrismichael@example.com;certified scrummaster (csm);institute chang-suarez;2018
morrismichael@example.com;leed green associate;institute duncan, berry and romero;2019
mortonlisa@example.com;comptia a+;institute brock-james;2011
mortonlisa@example.com;hvac certification;institute middleton-stanley;2012
mortonlisa@example.com;microsoft certified: azure fundamentals;institute perry llc;2022
mschaefer@example.org;senior professional in human resources (sphr);institute rodriguez inc;2019
mschaefer@example.org;welding certification (aws certified welder);institute williams-rivers;2019
murphytimothy@example.com;senior professional in human resources (sphr);institute garrett, gates and navarro;2011
mzimmerman@example.com;agile certified practitioner (pmi-acp);institute green-mann;2020
mzimmerman@example.com;registered health information technician (rhit);institute sandoval group;2013
nancy68@example.org;certified electrician license;institute glenn, gonzalez and brown;2023
nathaniel96@example.net;certified medical assistant (cma);institute mcknight-rodriguez;2024
naustin@example.org;project management professional (pmp);institute melendez, gonzalez and phillips;2017
nelsonchristian@example.net;comptia security+;institute shaffer-gutierrez;2022
nelsonchristian@example.net;lean six sigma green belt;institute walsh, cobb and torres;2013
nelsondonna@example.org;certified energy manager (cem);institute weiss, gilbert and montoya;2013
newtonmegan@example.org;certified electrician license;institute myers-proctor;2010
newtonmegan@example.org;facebook certified digital marketing associate;institute jackson, robles and guzman;2020
newtonsean@example.net;cisco certified network associate (ccna);institute cohen-hancock;2011
newtonsean@example.net;hvac certification;institute roberts-king;2013
newtonsean@example.net;lean six sigma green belt;institute mills inc;2023
ngomez@example.net;certified energy manager (cem);institute king, simon and kennedy;2017
ngomez@example.net;comptia security+;institute jones and sons;2020
ngomez@example.net;project management professional (pmp);institute rivera, robinson and arnold;2023
nhenson@example.com;comptia security+;institute burns and sons;2012
nicholas80@example.com;cisco certified network associate (ccna);institute peters-crane;2021
nicholas89@example.org;certified ethical hacker (ceh);institute reeves llc;2020
nicholas89@example.org;certified information systems security professional (cissp);institute harris-smith;2020
nicholascarter@example.org;google ads certification;institute higgins-morgan;2010
nicholascarter@example.org;leed green associate;institute johnson, nelson and hernandez;2023
nicholascarter@example.org;professional in human resources (phr);institute roberts, foster and kelley;2018
nicholasgonzalez@example.net;aws certified solutions architect;institute byrd-simpson;2010
nicholasgonzalez@example.net;cisco certified network associate (ccna);institute jenkins, williams and romero;2016
nicholasgonzalez@example.net;comptia a+;institute allen, collins and smith;2019
nicholasleon@example.org;lean six sigma green belt;institute estrada-burnett;2023
nsilva@example.net;hvac certification;institute haynes, lamb and johnson;2022
ofinley@example.org;certified business analysis professional (cbap);institute johnson and sons;2015
ojackson@example.org;basic life support (bls);institute cameron, gray and sanders;2023
ojackson@example.org;certified ethical hacker (ceh);institute baker ltd;2011
ojackson@example.org;certified medical assistant (cma);institute powell, garza and stewart;2019
oliverstephen@example.org;cisco certified network associate (ccna);institute hernandez, young and kelly;2013
oliverstephen@example.org;facebook certified digital marketing associate;institute smith-moreno;2015
olivia88@example.net;agile certified practitioner (pmi-acp);institute hodges, elliott and morrison;2017
olivia88@example.net;lean six sigma green belt;institute soto-hernandez;2016
olivia88@example.net;leed green associate;institute ward, gilmore and ward;2024
omorris@example.net;certified information systems security professional (cissp);institute woods llc;2018
omorris@example.net;certified medical assistant (cma);institute strong-johnson;2025
omorris@example.net;hvac certification;institute richards, lang and rodriguez;2016
oprice@example.org;facebook certified digital marketing associate;institute hall llc;2011
oprice@example.org;microsoft certified: azure fundamentals;institute miller, melton and walton;2012
orogers@example.com;certified business analysis professional (cbap);institute ellison-moore;2014
orogers@example.com;certified electrician license;institute brown, espinoza and allen;2018
orogers@example.com;project management professional (pmp);institute arnold, vazquez and osborne;2019
orosales@example.org;facebook certified digital marketing associate;institute henry, scott and burnett;2021
oscarstark@example.org;basic life support (bls);institute stephens, garcia and castillo;2020
oscarstark@example.org;cisco certified network associate (ccna);institute young llc;2011
oscarstark@example.org;hvac certification;institute martin, flowers and weaver;2019
owensjeremy@example.net;basic life support (bls);institute walters-ramirez;2021
owensjeremy@example.net;certified nursing assistant (cna);institute gonzalez-mejia;2024
palmercassandra@example.net;society for human resource management - certified professional (shrm-cp);institute park inc;2018
patrickschneider@example.com;certified electrician license;institute bridges, davis and rodriguez;2010
patrickschneider@example.com;society for human resource management - certified professional (shrm-cp);institute fleming inc;2014
paul53@example.org;comptia security+;institute williams group;2024
paul53@example.org;hubspot content marketing certification;institute montgomery, diaz and martin;2024
paul53@example.org;society for human resource management - certified professional (shrm-cp);institute brown, abbott and hartman;2025
paula36@example.net;lean six sigma green belt;institute fields, velazquez and snow;2010
paula36@example.net;society for human resource management - certified professional (shrm-cp);institute christensen-ware;2025
paula75@example.com;certified nursing assistant (cna);institute bell-harper;2021
paula75@example.com;certified scrummaster (csm);institute walton-frey;2019
paula75@example.com;welding certification (aws certified welder);institute cannon-meadows;2020
penavanessa@example.net;facebook certified digital marketing associate;institute campbell, yates and turner;2022
penavanessa@example.net;hvac certification;institute guerrero group;2017
perezjason@example.net;certified information systems security professional (cissp);institute parker group;2010
perezjason@example.net;comptia a+;institute thomas ltd;2013
petersenandrew@example.net;certified information systems security professional (cissp);institute smith, richards and horne;2023
petersenandrew@example.net;hvac certification;institute yang inc;2023
petersenyvonne@example.net;comptia a+;institute bender, jones and knapp;2019
petersenyvonne@example.net;microsoft certified: azure fundamentals;institute colon, powell and sampson;2020
petersenyvonne@example.net;senior professional in human resources (sphr);institute lloyd-shannon;2023
pgilbert@example.org;agile certified practitioner (pmi-acp);institute cook inc;2011
pgilbert@example.org;certified electrician license;institute johnson-black;2022
phillipmartinez@example.com;comptia network+;institute frazier, harris and lopez;2022
phillipmartinez@example.com;google ads certification;institute thomas ltd;2014
phillipmartinez@example.com;registered health information technician (rhit);institute clarke-alexander;2016
pmartinez@example.com;certified scrummaster (csm);institute lindsey and sons;2020
pmartinez@example.com;comptia security+;institute arnold llc;2019
poncecarolyn@example.net;certified nursing assistant (cna);institute fuentes, walls and castro;2019
popepaul@example.net;certified nursing assistant (cna);institute woodard-adams;2010
powelljean@example.com;microsoft certified: azure fundamentals;institute blankenship llc;2012
privera@example.org;basic life support (bls);institute hernandez, wood and flores;2010
privera@example.org;certified energy manager (cem);institute snyder inc;2017
privera@example.org;hvac certification;institute abbott, whitney and bradford;2010
pruiz@example.com;comptia network+;institute lane-harper;2020
pruiz@example.com;professional in human resources (phr);institute allen, rivera and bush;2014
psmith@example.org;certified scrummaster (csm);institute barrett, hebert and whitaker;2024
psmith@example.org;senior professional in human resources (sphr);institute roberts, johns and webb;2014
qelliott@example.org;certified scrummaster (csm);institute reyes ltd;2021
qelliott@example.org;google ads certification;institute rodriguez-rivera;2022
qelliott@example.org;project management professional (pmp);institute turner-hansen;2021
qherrera@example.com;aws certified solutions architect;institute smith, nichols and patterson;2023
qherrera@example.com;facebook certified digital marketing associate;institute robinson ltd;2017
rebeccazavala@example.org;adobe certified professional;institute james, page and hobbs;2024
rebeccazavala@example.org;google professional cloud architect;institute howard and sons;2015
rebeccazavala@example.org;osha safety certification;institute miller-adams;2010
rhonda87@example.net;agile certified practitioner (pmi-acp);institute baker and sons;2013
rhonda87@example.net;certified information systems security professional (cissp);institute mason, terry and lee;2014
rhonda87@example.net;hubspot content marketing certification;institute jimenez plc;2025
rhondadixon@example.com;certified nursing assistant (cna);institute johnson, robinson and green;2015
ricardo77@example.net;hubspot content marketing certification;institute williams-vazquez;2015
richard22@example.com;cisco certified network associate (ccna);institute washington, olson and wright;2023
richardkelly@example.net;google professional cloud architect;institute burgess, sullivan and taylor;2016
robert03@example.org;project management professional (pmp);institute norris, garrison and brown;2024
robert22@example.org;comptia network+;institute dean ltd;2022
robert38@example.com;basic life support (bls);institute price and sons;2025
robert38@example.com;certified electrician license;institute burton, keith and lee;2022
robertquinn@example.com;certified electrician license;institute craig group;2016
robertquinn@example.com;certified energy manager (cem);institute ortiz group;2013
robertsaustin@example.net;basic life support (bls);institute odonnell, lloyd and hanson;2017
robertschmidt@example.net;comptia a+;institute cruz-weiss;2022
robertschmidt@example.net;project management professional (pmp);institute james-terry;2017
robertsonnathan@example.org;facebook certified digital marketing associate;institute morgan plc;2014
rodneyrichardson@example.com;hubspot content marketing certification;institute clark-williams;2016
rrodriguez@example.net;certified energy manager (cem);institute hubbard, wilson and vaughn;2014
rrodriguez@example.net;certified ethical hacker (ceh);institute mcdowell plc;2021
rsmith@example.com;comptia security+;institute bishop, jones and mitchell;2025
rubenharris@example.com;basic life support (bls);institute willis, wallace and stewart;2014
rubenharris@example.com;comptia a+;institute crawford inc;2013
rubenharris@example.com;lean six sigma green belt;institute daugherty-bush;2014
rushamanda@example.net;comptia network+;institute robertson ltd;2012
ryan78@example.org;facebook certified digital marketing associate;institute thompson, sheppard and ward;2024
ryan78@example.org;osha safety certification;institute smith-ewing;2012
samuelmarquez@example.net;certified energy manager (cem);institute lee-hernandez;2023
samuelmarquez@example.net;certified nursing assistant (cna);institute hogan-robertson;2012
sanchezjoyce@example.org;cisco certified network associate (ccna);institute clark, bishop and spencer;2018
sanchezjoyce@example.org;professional in human resources (phr);institute warren, macias and flores;2025
saragraves@example.org;lean six sigma green belt;institute hernandez and sons;2011
saragraves@example.org;registered health information technician (rhit);institute anderson plc;2020
savagemichael@example.net;certified information systems security professional (cissp);institute hobbs inc;2023
savagemichael@example.net;cisco certified network associate (ccna);institute burgess group;2019
savagemichael@example.net;senior professional in human resources (sphr);institute robinson-diaz;2024
savannahsoto@example.net;agile certified practitioner (pmi-acp);institute allen plc;2013
sawyersamuel@example.com;adobe certified professional;institute jackson ltd;2014
sbrown@example.net;certified scrummaster (csm);institute le, walker and joseph;2018
sbrown@example.org;google ads certification;institute irwin, monroe and anderson;2022
sbrown@example.org;professional in human resources (phr);institute lopez-key;2015
schroederdavid@example.com;certified information systems security professional (cissp);institute chan-ross;2019
schroederdavid@example.com;comptia a+;institute thompson-robinson;2018
schroederdavid@example.com;lean six sigma green belt;institute cross-lambert;2017
scotthill@example.com;adobe certified professional;institute larson and sons;2018
scotthill@example.com;certified nursing assistant (cna);institute campos and sons;2011
scotthill@example.com;cisco certified network associate (ccna);institute strong, barker and davis;2016
scottmccall@example.com;basic life support (bls);institute king, rogers and wade;2023
scottmccall@example.com;project management professional (pmp);institute williamson, byrd and ruiz;2017
scottzimmerman@example.net;aws certified solutions architect;institute johnson ltd;2019
scottzimmerman@example.net;google ads certification;institute hamilton-griffin;2019
scottzimmerman@example.net;senior professional in human resources (sphr);institute sweeney-fitzgerald;2023
seanross@example.com;certified electrician license;institute griffin-jennings;2016
serranomitchell@example.net;certified scrummaster (csm);institute richard, wood and byrd;2019
seth24@example.org;certified nursing assistant (cna);institute wilson, neal and walsh;2019
seth24@example.org;senior professional in human resources (sphr);institute hernandez-freeman;2025
shannonharmon@example.com;welding certification (aws certified welder);institute wagner, martin and murphy;2010
shawnpayne@example.com;osha safety certification;institute cox-castillo;2021
shelby91@example.com;certified scrummaster (csm);institute johnson, thompson and harvey;2021
shelby91@example.com;project management professional (pmp);institute ramsey, marsh and vaughn;2015
shelly02@example.net;agile certified practitioner (pmi-acp);institute li, andrews and schultz;2025
shelly02@example.net;comptia a+;institute swanson plc;2010
shelly02@example.net;google ads certification;institute little ltd;2025
sheri00@example.org;hvac certification;institute thomas-morgan;2022
sheri00@example.org;society for human resource management - certified professional (shrm-cp);institute cook-erickson;2011
sierrasmith@example.com;certified energy manager (cem);institute mcdaniel, flores and roberts;2021
sierrasmith@example.com;comptia network+;institute zimmerman, adams and chase;2011
simpsoncody@example.org;project management professional (pmp);institute schultz, richards and shelton;2017
smcdowell@example.net;certified electrician license;institute patterson ltd;2010
smithalexandra@example.org;comptia a+;institute armstrong-pham;2021
smithalexandra@example.org;comptia security+;institute jackson plc;2011
smithamanda@example.org;comptia security+;institute perez group;2019
smithamanda@example.org;facebook certified digital marketing associate;institute mathis, jones and thompson;2012
smithamanda@example.org;osha safety certification;institute abbott plc;2014
smithmargaret@example.net;adobe certified professional;institute carter-martinez;2019
smithmargaret@example.net;certified scrummaster (csm);institute murray ltd;2018
smithmark@example.net;hubspot content marketing certification;institute richards plc;2023
smithmark@example.net;lean six sigma green belt;institute ramirez and sons;2011
smithmark@example.net;society for human resource management - certified professional (shrm-cp);institute crawford ltd;2014
smithsuzanne@example.net;facebook certified digital marketing associate;institute ramirez group;2013
smithtammy@example.net;cisco certified network associate (ccna);institute mejia ltd;2020
smithtammy@example.net;hvac certification;institute norman, mann and perez;2013
smithtammy@example.net;welding certification (aws certified welder);institute mcneil plc;2024
staceyrichardson@example.org;certified nursing assistant (cna);institute garza inc;2022
staceyrichardson@example.org;certified scrummaster (csm);institute park, horton and mendoza;2017
stephaniewalker@example.org;certified scrummaster (csm);institute woods and sons;2020
stephaniewalker@example.org;cisco certified network associate (ccna);institute rogers-kim;2025
stevenburton@example.net;professional in human resources (phr);institute jenkins inc;2010
stevenburton@example.net;senior professional in human resources (sphr);institute melton and sons;2016
stevenburton@example.net;society for human resource management - certified professional (shrm-cp);institute watkins-jones;2025
suemunoz@example.org;certified scrummaster (csm);institute stafford llc;2022
suemunoz@example.org;cisco certified network associate (ccna);institute russo, cruz and boyer;2025
suemunoz@example.org;senior professional in human resources (sphr);institute allison-newton;2020
summersmith@example.org;osha safety certification;institute summers, kennedy and robinson;2023
syates@example.com;certified nursing assistant (cna);institute andrews, walton and reeves;2024
syates@example.com;comptia network+;institute smith and sons;2024
tamara53@example.net;agile certified practitioner (pmi-acp);institute smith-grimes;2017
tamara53@example.net;project management professional (pmp);institute mitchell, brown and hill;2018
tamara53@example.net;senior professional in human resources (sphr);institute lewis-swanson;2011
tamaramoran@example.net;google professional cloud architect;institute lee, stephens and williams;2010
tammy20@example.org;certified ethical hacker (ceh);institute walters plc;2015
tammy20@example.org;hubspot content marketing certification;institute mcguire, thomas and king;2018
tammy36@example.com;basic life support (bls);institute sanders, gomez and moon;2018
tammy36@example.com;certified business analysis professional (cbap);institute manning llc;2016
tammy36@example.com;certified medical assistant (cma);institute wallace-white;2015
taylorsteven@example.org;certified information systems security professional (cissp);institute white-smith;2014
taylorsteven@example.org;hvac certification;institute sullivan-chen;2015
tbradshaw@example.org;facebook certified digital marketing associate;institute williams-frank;2011
terrence30@example.net;aws certified solutions architect;institute smith, chavez and young;2022
terrence30@example.net;comptia security+;institute howell, ryan and patrick;2019
terrence30@example.net;senior professional in human resources (sphr);institute ortega plc;2025
terricochran@example.com;certified nursing assistant (cna);institute carter-hall;2018
terricochran@example.com;welding certification (aws certified welder);institute copeland-pruitt;2021
tevans@example.net;certified nursing assistant (cna);institute steele, edwards and morton;2023
tevans@example.net;osha safety certification;institute whitehead llc;2024
tgreen@example.net;certified scrummaster (csm);institute wilson group;2022
thomasmichael@example.org;registered health information technician (rhit);institute rodriguez, valdez and bennett;2017
thompsonmichael@example.com;agile certified practitioner (pmi-acp);institute hess-johnson;2021
thompsonmichael@example.com;certified scrummaster (csm);institute roberson-miller;2016
thudson@example.com;certified business analysis professional (cbap);institute rodriguez llc;2021
tiffanygonzalez@example.net;certified energy manager (cem);institute dixon ltd;2017
tiffanygonzalez@example.net;professional in human resources (phr);institute roach inc;2022
tiffanykirby@example.net;basic life support (bls);institute scott, gates and cook;2011
tiffanykirby@example.net;welding certification (aws certified welder);institute murphy-best;2015
tina09@example.com;certified business analysis professional (cbap);institute richardson, booker and whitehead;2018
tleonard@example.org;aws certified solutions architect;institute ortiz-roberts;2016
tleonard@example.org;comptia network+;institute warren, calderon and rodriguez;2013
tleonard@example.org;lean six sigma green belt;institute ross ltd;2016
tmorgan@example.com;comptia security+;institute foster-morales;2012
tmorgan@example.com;google professional cloud architect;institute evans, briggs and cunningham;2024
todd36@example.org;agile certified practitioner (pmi-acp);institute woods, gilbert and nielsen;2022
todd36@example.org;certified ethical hacker (ceh);institute mcclain, cordova and garcia;2015
todd36@example.org;certified nursing assistant (cna);institute edwards, snow and garcia;2023
toddrobert@example.org;osha safety certification;institute marks, wells and williams;2016
toni13@example.org;adobe certified professional;institute rios, hudson and wallace;2010
toni13@example.org;google professional cloud architect;institute perez group;2018
toni13@example.org;professional in human resources (phr);institute roberts-wright;2019
townsendmark@example.net;certified information systems security professional (cissp);institute white, humphrey and williams;2016
townsendmark@example.net;leed green associate;institute hatfield ltd;2022
townsendmark@example.net;microsoft certified: azure fundamentals;institute gordon, russell and charles;2011
traceyneal@example.net;certified ethical hacker (ceh);institute phillips-davis;2023
traceyneal@example.net;senior professional in human resources (sphr);institute anderson-jacobs;2015
triley@example.com;basic life support (bls);institute hoffman, gibbs and david;2024
triley@example.com;facebook certified digital marketing associate;institute gonzales group;2018
triley@example.com;hvac certification;institute harris, stark and smith;2020
troy57@example.com;adobe certified professional;institute russell group;2018
troy57@example.com;certified electrician license;institute proctor-ortega;2019
tryan@example.org;certified business analysis professional (cbap);institute clark-jenkins;2018
tryan@example.org;comptia network+;institute brewer, jenkins and morgan;2014
tryan@example.org;senior professional in human resources (sphr);institute calhoun ltd;2010
tstewart@example.com;facebook certified digital marketing associate;institute phillips and sons;2019
tuckercrystal@example.org;agile certified practitioner (pmi-acp);institute wyatt and sons;2015
tuckercrystal@example.org;certified scrummaster (csm);institute cabrera-garcia;2019
tuckermatthew@example.net;certified information systems security professional (cissp);institute richardson, perry and williams;2018
tylerdavid@example.org;lean six sigma green belt;institute martin and sons;2013
ucruz@example.com;adobe certified professional;institute ware-burke;2022
ucruz@example.com;registered health information technician (rhit);institute williams, moon and garza;2017
uharper@example.org;certified energy manager (cem);institute carlson-byrd;2023
uharper@example.org;cisco certified network associate (ccna);institute fisher, harris and palmer;2015
uhill@example.net;certified scrummaster (csm);institute jackson, jackson and dalton;2013
umoss@example.com;aws certified solutions architect;institute morris, torres and parrish;2017
umoss@example.com;certified information systems security professional (cissp);institute jones plc;2013
umoss@example.com;certified scrummaster (csm);institute ramos, hernandez and koch;2025
underwoodtina@example.net;agile certified practitioner (pmi-acp);institute wyatt-johnson;2021
underwoodtina@example.net;google professional cloud architect;institute bell-morris;2020
uneal@example.com;certified medical assistant (cma);institute guerrero and sons;2015
uneal@example.com;lean six sigma green belt;institute perez-burton;2019
usanchez@example.net;certified business analysis professional (cbap);institute alexander plc;2022
usanchez@example.net;welding certification (aws certified welder);institute smith-wilson;2010
ushelton@example.com;certified electrician license;institute kirby plc;2024
uvargas@example.net;professional in human resources (phr);institute peterson-hunt;2011
uwilliams@example.org;adobe certified professional;institute mack, blackburn and parker;2022
uwilliams@example.org;certified energy manager (cem);institute white, beck and alvarez;2014
uwilliams@example.org;certified medical assistant (cma);institute joseph, griffin and lawrence;2012
vanessabowen@example.org;comptia security+;institute perry-hernandez;2012
vanessabowen@example.org;project management professional (pmp);institute flores-gross;2024
vclayton@example.org;certified nursing assistant (cna);institute mann-kelley;2017
vclayton@example.org;certified scrummaster (csm);institute bolton, burns and turner;2019
vdavis@example.org;comptia security+;institute jones, ibarra and davis;2023
vdavis@example.org;google ads certification;institute butler group;2012
vdavis@example.org;google professional cloud architect;institute blackburn, smith and lane;2016
vgonzalez@example.com;aws certified solutions architect;institute graham-williams;2023
vgonzalez@example.com;certified scrummaster (csm);institute ponce-mccarty;2015
vgonzalez@example.com;osha safety certification;institute lester, reynolds and torres;2020
vharvey@example.net;basic life support (bls);institute fernandez-lewis;2021
vharvey@example.net;comptia network+;institute miller-brown;2015
vharvey@example.net;project management professional (pmp);institute anderson inc;2011
virginiaboyd@example.com;cisco certified network associate (ccna);institute jordan, figueroa and wilson;2010
virginiaboyd@example.com;project management professional (pmp);institute burns, moore and hernandez;2023
vlynch@example.com;cisco certified network associate (ccna);institute bradshaw, miranda and parks;2017
vlynch@example.com;google ads certification;institute silva inc;2018
walkerdavid@example.net;aws certified solutions architect;institute schultz plc;2013
walkerlaura@example.com;hubspot content marketing certification;institute greene, sandoval and henderson;2021
walkerlaura@example.com;microsoft certified: azure fundamentals;institute harrison, robbins and taylor;2020
walkerlaura@example.com;senior professional in human resources (sphr);institute salinas-roberts;2011
waltersandrea@example.org;osha safety certification;institute johnson and sons;2021
watersdaniel@example.net;comptia a+;institute dixon-ferguson;2019
watkinsashley@example.org;certified scrummaster (csm);institute jones-hines;2021
watkinsashley@example.org;osha safety certification;institute sanchez plc;2014
watsonjoshua@example.net;certified energy manager (cem);institute noble, reeves and stokes;2021
watsonjoshua@example.net;comptia network+;institute roth-mckinney;2018
watsonjoshua@example.net;lean six sigma green belt;institute sullivan-ward;2017
wendycoleman@example.com;cisco certified network associate (ccna);institute garcia, johnson and berger;2018
wendysteele@example.org;adobe certified professional;institute terrell-hill;2011
wendysteele@example.org;comptia security+;institute parsons, smith and keller;2023
wheelermariah@example.org;senior professional in human resources (sphr);institute russell, mann and lee;2020
wheelermariah@example.org;welding certification (aws certified welder);institute colon, duncan and ramirez;2010
whitejacqueline@example.com;basic life support (bls);institute harris, nash and wilson;2017
whitejacqueline@example.com;leed green associate;institute li-mccoy;2022
william88@example.org;hvac certification;institute sandoval inc;2011
william88@example.org;leed green associate;institute lawson-hall;2018
william88@example.org;microsoft certified: azure fundamentals;institute petersen-olson;2018
williamharris@example.org;professional in human resources (phr);institute moreno-park;2010
williamharris@example.org;senior professional in human resources (sphr);institute watson group;2011
williammartin@example.com;lean six sigma green belt;institute fernandez, herrera and burgess;2010
williamsalexis@example.org;certified energy manager (cem);institute melendez-orr;2011
williamsalexis@example.org;microsoft certified: azure fundamentals;institute george group;2020
williamsalexis@example.org;professional in human resources (phr);institute riley, andersen and williams;2019
williamsalyssa@example.net;comptia a+;institute kirk, hester and olson;2013
williamsmith@example.net;agile certified practitioner (pmi-acp);institute david ltd;2013
woodkenneth@example.org;agile certified practitioner (pmi-acp);institute jones inc;2011
woodkenneth@example.org;certified medical assistant (cma);institute harrison inc;2013
woodkenneth@example.org;osha safety certification;institute taylor, meza and castro;2010
wpark@example.com;comptia a+;institute bryan inc;2011
wpark@example.com;google professional cloud architect;institute fitzgerald, booth and hopkins;2020
wpark@example.com;osha safety certification;institute walsh llc;2019
wrightkathleen@example.com;aws certified solutions architect;institute downs plc;2011
wrightkathleen@example.com;leed green associate;institute anderson-smith;2012
wrightkathleen@example.com;welding certification (aws certified welder);institute trevino, hughes and castillo;2010
wswanson@example.net;comptia security+;institute short-martinez;2023
wwalters@example.com;aws certified solutions architect;institute brown-barrett;2024
wwalters@example.com;certified business analysis professional (cbap);institute dickson, delacruz and simpson;2021
wwalters@example.com;registered health information technician (rhit);institute salazar and sons;2011
xcarter@example.org;certified information systems security professional (cissp);institute massey, walker and jimenez;2012
xcarter@example.org;comptia a+;institute obrien-hall;2017
xcarter@example.org;welding certification (aws certified welder);institute hill, williams and martinez;2012
xerickson@example.net;agile certified practitioner (pmi-acp);institute diaz inc;2016
xerickson@example.net;certified information systems security professional (cissp);institute kirby-gomez;2024
xstephens@example.org;adobe certified professional;institute smith, conner and davis;2014
xstephens@example.org;certified scrummaster (csm);institute wagner, stevens and scott;2010
yangyolanda@example.org;lean six sigma green belt;institute luna-jones;2023
ybaxter@example.com;certified information systems security professional (cissp);institute hayes inc;2018
ybaxter@example.com;microsoft certified: azure fundamentals;institute carney group;2012
ybaxter@example.com;welding certification (aws certified welder);institute henderson-christensen;2016
ycruz@example.org;certified ethical hacker (ceh);institute jenkins-carr;2023
ycruz@example.org;society for human resource management - certified professional (shrm-cp);institute love, nunez and hernandez;2011
yhill@example.org;agile certified practitioner (pmi-acp);institute castro group;2022
yhill@example.org;lean six sigma green belt;institute warren, lewis and ross;2010
yhill@example.org;registered health information technician (rhit);institute barker, cox and williams;2023
yjones@example.org;project management professional (pmp);institute jones, alexander and murphy;2010
ymartin@example.net;hvac certification;institute byrd-williams;2018
youngsamantha@example.com;facebook certified digital marketing associate;institute ward plc;2025
youngstephen@example.net;basic life support (bls);institute martinez-gomez;2022
youngstephen@example.net;facebook certified digital marketing associate;institute andrews, garcia and campbell;2016
youngstephen@example.net;welding certification (aws certified welder);institute kim-matthews;2012
yrichardson@example.org;certified scrummaster (csm);institute oneal-blake;2015
yrichardson@example.org;facebook certified digital marketing associate;institute wright-jackson;2018
yrojas@example.com;certified ethical hacker (ceh);institute gilbert and sons;2019
yrojas@example.com;osha safety certification;institute barnes-bennett;2019
ysullivan@example.com;facebook certified digital marketing associate;institute mcgrath, patrick and barrera;2010
ywallace@example.org;basic life support (bls);institute jones, jones and acevedo;2022
zgutierrez@example.org;cisco certified network associate (ccna);institute ferrell llc;2018
zgutierrez@example.org;project management professional (pmp);institute smith, bartlett and curry;2024
zhunter@example.com;microsoft certified: azure fundamentals;institute zamora, armstrong and harper;2017
zjohnson@example.org;microsoft certified: azure fundamentals;institute carter-kelley;2010
zlee@example.org;certified information systems security professional (cissp);institute york, aguilar and hernandez;2020
zlee@example.org;welding certification (aws certified welder);institute williamson, nolan and duncan;2023
zmitchell@example.com;google professional cloud architect;institute serrano-smith;2012
zmitchell@example.com;hubspot content marketing certification;institute nguyen, young and king;2010
znash@example.net;cisco certified network associate (ccna);institute ramirez inc;2025
znash@example.net;comptia security+;institute williams ltd;2016
znash@example.net;welding certification (aws certified welder);institute meyer, curtis and reed;2021
