email;degree;institution;graduation_year;program_name
aaronbrown@example.org;phd;university mcclure junction;2013;education
aaronbrown@example.org;faculty;university middleton roads;2020;computer science
abigail73@example.com;postdoctoral researchers;university adkins square;2025;mathematics
abigail73@example.com;phd;university hickman stream;2020;education
abigail73@example.com;phd;university keith ville;2014;theater
abigail75@example.org;bachelor;university stevens place;2023;mathematics
abyrd@example.org;faculty;university richard mews;2012;history
abyrd@example.org;faculty;university werner plain;2025;music
acostarebecca@example.com;phd;university reed mountains;2015;education
acostashannon@example.org;master;university deleon squares;2014;sociology
acostashannon@example.org;bachelor;university gallagher crescent;2024;theater
adrian73@example.com;bachelor;university michael bypass;2021;economics
alicia10@example.com;faculty;university kenneth crescent;2017;philosophy
alicia35@example.net;postdoctoral researchers;university brian mills;2019;engineering
alicia35@example.net;faculty;university jessica path;2014;theater
alicia35@example.net;postdoctoral researchers;university ronald landing;2025;education
allenheather@example.net;phd;university ryan wall;2016;nursing
amanda54@example.org;faculty;university lopez flats;2020;economics
amanda54@example.org;bachelor;university miller ways;2022;political science
amandaburgess@example.net;faculty;university nicole views;2018;computer science
amandalynch@example.com;phd;university carter mills;2017;economics
amandalynch@example.com;faculty;university hughes coves;2011;engineering
amandalynch@example.com;faculty;university rose locks;2011;philosophy
ambertaylor@example.com;phd;university clinton turnpike;2022;art
ambertaylor@example.com;faculty;university courtney bypass;2017;nursing
ambertaylor@example.com;postdoctoral researchers;university kemp pines;2019;economics
amyporter@example.com;postdoctoral researchers;university garcia lake;2020;psychology
amyporter@example.com;phd;university jeffrey mission;2015;physics
amyporter@example.com;postdoctoral researchers;university tyler views;2013;computer science
amyscott@example.com;master;university chan wall;2016;physics
amyscott@example.com;phd;university jennifer shores;2025;chemistry
andersonlauren@example.com;faculty;university alvarado lake;2020;nursing
andersonlauren@example.com;postdoctoral researchers;university sarah plains;2011;biology
andrewcarter@example.com;phd;university jacobs crossroad;2023;theater
andrewcarter@example.com;faculty;university mcdaniel stream;2021;environmental science
andrewcarter@example.com;master;university parker mount;2012;biology
andrewgarcia@example.net;master;university arnold bypass;2020;theater
angeladixon@example.org;master;university david village;2025;psychology
angeladixon@example.org;bachelor;university lacey squares;2018;education
angeladixon@example.org;faculty;university tiffany alley;2017;computer science
angelaharrison@example.org;bachelor;university carter court;2017;computer science
angelaharrison@example.org;faculty;university pamela glen;2019;business administration
angelaharrison@example.org;phd;university travis meadow;2013;education
annalucas@example.com;faculty;university catherine track;2014;computer science
annalucas@example.com;master;university martinez ports;2011;sociology
annalucas@example.com;postdoctoral researchers;university morrison court;2018;history
anthony73@example.com;bachelor;university anthony plaza;2016;economics
anthony73@example.com;phd;university william branch;2020;computer science
anthonyrivera@example.net;bachelor;university dawson fork;2018;political science
anthonyrivera@example.net;master;university taylor bypass;2013;chemistry
anthonyruiz@example.org;postdoctoral researchers;university gina streets;2022;physics
aprilrodriguez@example.org;postdoctoral researchers;university heidi hills;2013;sociology
aprilrodriguez@example.org;phd;university perry vista;2014;business administration
areyes@example.com;faculty;university aaron dam;2018;philosophy
areyes@example.com;master;university robert loaf;2019;psychology
armstrongrenee@example.org;faculty;university nguyen plain;2015;environmental science
armstrongrenee@example.org;postdoctoral researchers;university rivera meadows;2016;political science
armstrongrenee@example.org;faculty;university rodney pass;2012;computer science
ashleyholt@example.com;postdoctoral researchers;university davis locks;2017;theater
ashleyholt@example.com;postdoctoral researchers;university lewis village;2014;mathematics
ashleyholt@example.com;phd;university stevens flat;2010;sociology
ashleyjames@example.com;phd;university green oval;2025;chemistry
ashleyjames@example.com;faculty;university jones walk;2020;computer science
ashleyjames@example.com;phd;university laurie ville;2017;chemistry
asmith@example.net;postdoctoral researchers;university jessica dam;2016;engineering
atkinsondavid@example.net;phd;university gallegos radial;2024;engineering
atkinsondavid@example.net;bachelor;university katherine inlet;2011;chemistry
atkinsondavid@example.net;bachelor;university robinson run;2025;philosophy
austinellis@example.com;master;university john roads;2018;political science
austinellis@example.com;bachelor;university sara turnpike;2015;engineering
baileysherri@example.com;master;university hill flat;2011;economics
baileysherri@example.com;phd;university jason isle;2016;nursing
baileysherri@example.com;bachelor;university jeffery road;2023;sociology
barajasjonathan@example.org;bachelor;university hernandez valley;2010;business administration
barbaranewton@example.com;bachelor;university reyes burg;2017;political science
barbaranewton@example.com;faculty;university scott common;2015;physics
barkerjennifer@example.org;master;university amy mountains;2010;history
barkerjennifer@example.org;faculty;university george estate;2025;art
barrmichael@example.org;postdoctoral researchers;university jessica underpass;2014;chemistry
barrymarsh@example.com;phd;university dennis street;2020;chemistry
barrymarsh@example.com;postdoctoral researchers;university molina well;2010;music
barrymarsh@example.com;bachelor;university rubio track;2021;mathematics
bball@example.org;postdoctoral researchers;university barton mountain;2019;theater
bball@example.org;faculty;university tyler extensions;2025;biology
bcraig@example.com;phd;university harrison land;2020;sociology
bcraig@example.net;phd;university jason drive;2015;theater
bcraig@example.net;postdoctoral researchers;university michael port;2018;theater
benjaminblack@example.com;phd;university cruz islands;2018;engineering
benjaminrichards@example.net;bachelor;university meyers cliffs;2017;computer science
bgarcia@example.net;bachelor;university teresa camp;2024;education
bnelson@example.com;postdoctoral researchers;university bowers lights;2011;environmental science
bnelson@example.com;postdoctoral researchers;university james burgs;2016;biology
boydpeter@example.org;postdoctoral researchers;university hall lodge;2010;computer science
brandongill@example.com;phd;university gabrielle crossroad;2018;engineering
brandonramirez@example.com;master;university andrade hollow;2025;history
brandonramirez@example.com;faculty;university samantha plaza;2012;nursing
brandonramirez@example.com;bachelor;university sanchez burg;2014;art
brendagonzalez@example.org;phd;university hansen well;2020;art
brendagonzalez@example.org;master;university klein coves;2021;physics
brianna07@example.com;faculty;university jeffrey villages;2018;economics
brianna07@example.com;phd;university theresa mountains;2011;physics
brianna17@example.org;phd;university blake overpass;2023;business administration
brianna17@example.org;master;university hoffman mountain;2021;physics
brianrogers@example.com;postdoctoral researchers;university brenda brook;2024;biology
brianrogers@example.com;postdoctoral researchers;university edwards lake;2014;mathematics
brianrogers@example.com;postdoctoral researchers;university william wells;2022;engineering
brittany49@example.net;faculty;university jeanne mountains;2019;nursing
brittanycooper@example.net;postdoctoral researchers;university mullen courts;2013;theater
brittanycooper@example.net;phd;university susan fork;2023;computer science
brittneyfreeman@example.net;phd;university joseph way;2024;economics
brittneykim@example.com;bachelor;university alisha mills;2021;mathematics
brittneykim@example.com;master;university mcdaniel mountain;2024;psychology
brittneykim@example.com;phd;university shelton knolls;2011;theater
brookeaustin@example.org;faculty;university price glen;2023;environmental science
brookeaustin@example.org;faculty;university robert plains;2021;chemistry
butlercory@example.net;bachelor;university sean fields;2014;psychology
carl05@example.net;postdoctoral researchers;university barber islands;2015;chemistry
carlosramirez@example.com;bachelor;university donald mission;2025;education
carlosramirez@example.com;bachelor;university lane canyon;2020;business administration
carlosramirez@example.com;bachelor;university michael glens;2025;philosophy
carriehutchinson@example.net;master;university wagner island;2023;business administration
carrollleslie@example.com;faculty;university grant road;2011;physics
carrollleslie@example.com;bachelor;university heather parkway;2011;art
carrollleslie@example.com;faculty;university hull crossroad;2024;physics
casejason@example.org;master;university christina passage;2023;history
cassie89@example.org;faculty;university burnett motorway;2016;physics
cassie89@example.org;master;university ramirez isle;2019;theater
catherine77@example.org;bachelor;university york ports;2018;engineering
chad23@example.org;phd;university norris rapids;2017;theater
charles55@example.net;faculty;university jordan centers;2025;economics
chelsea36@example.net;postdoctoral researchers;university hodges pass;2021;psychology
chelsea36@example.net;phd;university tyler fords;2010;art
cholland@example.net;postdoctoral researchers;university keith station;2015;computer science
cholland@example.net;bachelor;university shields rapids;2019;business administration
cholland@example.net;postdoctoral researchers;university webb shore;2025;music
christiankaiser@example.org;faculty;university juarez summit;2021;history
christinafry@example.net;bachelor;university frost stravenue;2013;sociology
christinafry@example.net;phd;university wise ways;2015;political science
christine33@example.org;faculty;university renee dam;2012;business administration
christine33@example.org;master;university ryan mountain;2011;political science
christine33@example.org;master;university sanders station;2012;history
christinebennett@example.net;bachelor;university gates neck;2023;theater
christinethomas@example.com;phd;university cameron cape;2010;history
christopher27@example.com;faculty;university casey walk;2019;economics
christopher27@example.com;postdoctoral researchers;university cortez shores;2018;nursing
christopher27@example.com;faculty;university deborah mountains;2016;theater
christopher94@example.net;phd;university joy spring;2014;nursing
christopher94@example.net;bachelor;university robert drive;2014;art
christopherbaird@example.org;master;university amanda crossroad;2016;biology
christophergutierrez@example.net;faculty;university parker plains;2016;psychology
cindy74@example.org;bachelor;university molly rue;2015;chemistry
cindy74@example.org;master;university paul shoal;2011;art
cindy74@example.org;phd;university smith land;2015;chemistry
cindy97@example.com;master;university bennett rapids;2020;political science
cindy97@example.com;master;university jessica stravenue;2025;education
cindysharp@example.org;phd;university bonilla way;2023;business administration
cindysharp@example.org;faculty;university linda rue;2012;engineering
cindysharp@example.org;phd;university meyer valley;2016;economics
cjackson@example.net;phd;university noble corners;2015;mathematics
clarkjill@example.net;bachelor;university campos rest;2023;psychology
clarkstephanie@example.com;faculty;university christopher center;2010;computer science
claytonwilliams@example.net;phd;university sampson streets;2017;economics
clloyd@example.net;postdoctoral researchers;university king brook;2011;business administration
clloyd@example.net;bachelor;university michael harbors;2023;psychology
clloyd@example.net;phd;university oconnor route;2020;political science
cohenalexander@example.org;faculty;university johnson landing;2021;nursing
cohenalexander@example.org;phd;university marcus forks;2018;chemistry
cohenalexander@example.org;master;university suarez camp;2021;psychology
colleenwall@example.com;postdoctoral researchers;university pierce branch;2018;physics
colonhayley@example.net;phd;university christopher extensions;2013;engineering
connor24@example.org;phd;university adams shore;2022;philosophy
connor24@example.org;bachelor;university townsend landing;2017;nursing
courtney49@example.org;master;university natalie drives;2013;political science
courtney49@example.org;postdoctoral researchers;university richards burg;2017;art
courtney75@example.com;phd;university martinez port;2018;music
courtney75@example.com;master;university murphy creek;2014;mathematics
courtney75@example.com;faculty;university quinn crossroad;2019;art
courtneyhiggins@example.org;bachelor;university amanda orchard;2020;education
courtneyhiggins@example.org;phd;university lopez crossing;2022;sociology
courtneyhiggins@example.org;faculty;university munoz pine;2010;music
cowandaniel@example.com;postdoctoral researchers;university lee estates;2025;nursing
cowandaniel@example.com;postdoctoral researchers;university morrison port;2024;art
coxsusan@example.net;master;university abigail fords;2020;mathematics
crystalsmith@example.net;bachelor;university jerry crossroad;2023;psychology
cynthia55@example.org;faculty;university whitney way;2024;computer science
danatorres@example.com;phd;university howard divide;2015;sociology
danatorres@example.com;faculty;university mata wall;2018;sociology
danatorres@example.com;bachelor;university rodriguez turnpike;2023;nursing
danielbernard@example.org;faculty;university everett burgs;2012;psychology
danielbernard@example.org;postdoctoral researchers;university velazquez summit;2024;physics
danieljames@example.com;faculty;university anderson mission;2023;environmental science
danieljames@example.com;postdoctoral researchers;university jennifer roads;2020;computer science
danielpowers@example.org;postdoctoral researchers;university james inlet;2024;history
danielpowers@example.org;master;university lane ridges;2012;business administration
david59@example.com;bachelor;university rebecca burgs;2024;music
davidbarker@example.com;phd;university steven drives;2019;economics
davidbarker@example.com;master;university tara flats;2025;political science
davidjames@example.com;phd;university andrew curve;2010;art
davidjames@example.com;faculty;university miller rest;2023;nursing
davidoliver@example.com;postdoctoral researchers;university bridget rest;2016;chemistry
davidoliver@example.com;faculty;university juan view;2022;music
davidwood@example.org;faculty;university frazier bypass;2013;music
davidwood@example.org;faculty;university jones ports;2014;sociology
davidwood@example.org;faculty;university lee plaza;2021;education
daviscaroline@example.com;bachelor;university chapman fields;2018;political science
daviscaroline@example.com;bachelor;university gordon turnpike;2021;nursing
daviscaroline@example.com;phd;university karl groves;2014;nursing
daviskenneth@example.com;master;university kyle shoal;2019;education
daviskenneth@example.com;master;university watson mountains;2020;political science
dawnrodriguez@example.net;bachelor;university breanna wall;2015;sociology
dawnrodriguez@example.net;phd;university carlson road;2022;computer science
dawnrodriguez@example.net;bachelor;university joseph haven;2011;sociology
dbryan@example.net;phd;university johnson curve;2012;history
dbryan@example.net;bachelor;university wesley place;2011;psychology
deborah94@example.net;faculty;university clark dam;2020;history
deborah94@example.net;postdoctoral researchers;university jeffrey isle;2010;sociology
deborahwilliams@example.com;master;university holloway light;2011;political science
debra49@example.com;master;university beltran loop;2022;sociology
debra49@example.com;master;university mooney key;2024;physics
deniseramirez@example.org;bachelor;university steven union;2022;theater
dennisjo@example.com;postdoctoral researchers;university bowman crescent;2012;nursing
dennisjo@example.com;faculty;university christina rapids;2019;mathematics
dennisjo@example.com;bachelor;university rogers point;2025;computer science
devinklein@example.org;master;university roger gateway;2024;environmental science
dferguson@example.com;faculty;university jacob rapid;2025;biology
dferguson@example.com;phd;university matthew trail;2023;political science
dhall@example.org;phd;university barbara park;2017;education
dhall@example.org;faculty;university mahoney ports;2020;biology
diana83@example.net;postdoctoral researchers;university hoover hills;2018;history
diana83@example.net;master;university jones harbors;2021;computer science
diana83@example.net;master;university michael stream;2020;music
dianesmith@example.com;phd;university lambert vista;2024;music
dianesmith@example.com;postdoctoral researchers;university oneal crest;2021;psychology
dixonbrett@example.org;postdoctoral researchers;university benton haven;2011;theater
dixonbrett@example.org;postdoctoral researchers;university debra street;2025;economics
dixonbrett@example.org;master;university shawn meadow;2013;history
donna21@example.org;bachelor;university danielle lakes;2021;physics
donna21@example.org;faculty;university robert lodge;2024;business administration
donna34@example.com;bachelor;university savage park;2013;business administration
donna34@example.com;postdoctoral researchers;university tracy point;2018;biology
doris30@example.org;faculty;university bradford mountain;2018;mathematics
dorothy41@example.org;faculty;university heather gateway;2024;physics
dorothy41@example.org;master;university kathleen center;2024;education
douglasbarajas@example.net;postdoctoral researchers;university baker street;2016;philosophy
ebrown@example.org;faculty;university jones walk;2020;engineering
ebrown@example.org;master;university debra well;2018;computer science
edrake@example.com;faculty;university bell mews;2015;theater
edrake@example.com;master;university jacqueline bypass;2010;biology
edrake@example.com;master;university john trail;2024;computer science
eduncan@example.com;bachelor;university jason roads;2024;music
eric73@example.org;bachelor;university erik port;2013;political science
eric73@example.org;faculty;university townsend extensions;2012;physics
eric73@example.org;faculty;university villegas gardens;2012;biology
erica29@example.net;phd;university joshua square;2018;computer science
erica29@example.net;faculty;university landry station;2016;computer science
erica40@example.net;master;university garcia manors;2014;computer science
erica40@example.net;postdoctoral researchers;university nicholas viaduct;2010;psychology
ericyoung@example.org;master;university melinda field;2010;political science
ericyoung@example.org;master;university rodney roads;2020;environmental science
erin94@example.net;faculty;university ballard gardens;2025;computer science
erin94@example.net;master;university clark port;2010;history
erin94@example.net;faculty;university martin ways;2015;computer science
fcarroll@example.org;master;university cheyenne views;2013;philosophy
fcarroll@example.org;bachelor;university gerald view;2022;sociology
fcarroll@example.org;master;university leslie road;2018;economics
felicia33@example.net;postdoctoral researchers;university amy villages;2025;music
felicia33@example.net;phd;university thompson mountains;2016;nursing
fergusongabriela@example.org;phd;university jodi forest;2024;political science
fergusongabriela@example.org;postdoctoral researchers;university meyer port;2012;philosophy
fergusongabriela@example.org;postdoctoral researchers;university montgomery island;2021;economics
ffuller@example.com;master;university patton vista;2016;engineering
flemingdeborah@example.org;faculty;university abigail burgs;2018;art
flemingdeborah@example.org;phd;university steven green;2021;history
fnichols@example.org;bachelor;university arnold path;2012;economics
fnichols@example.org;master;university reyes lodge;2010;environmental science
fowlerrobert@example.org;bachelor;university terry fields;2019;sociology
foxlori@example.com;faculty;university nolan junctions;2023;art
foxlori@example.com;postdoctoral researchers;university patel drive;2023;mathematics
foxlori@example.com;master;university rollins summit;2024;art
foxmichael@example.com;faculty;university angela estates;2020;philosophy
frandall@example.net;faculty;university kyle expressway;2022;history
frandall@example.net;master;university martinez road;2023;psychology
frankmclean@example.com;faculty;university davis burgs;2015;art
frankmclean@example.com;postdoctoral researchers;university smith glen;2025;education
garykelly@example.org;bachelor;university bailey island;2013;engineering
garykelly@example.org;faculty;university moore loaf;2023;engineering
gcruz@example.com;master;university eric road;2025;art
geoffreygrant@example.com;master;university brent summit;2016;psychology
geoffreygrant@example.com;phd;university peter oval;2023;education
georgerichard@example.org;master;university clark alley;2017;biology
gerald87@example.net;phd;university johnson estate;2016;theater
geraldpowell@example.net;master;university cindy wells;2012;business administration
geraldpowell@example.net;bachelor;university justin junctions;2014;art
geraldpowell@example.net;phd;university ryan lodge;2024;political science
gibsonsamantha@example.org;faculty;university amy view;2013;engineering
gilbertamy@example.com;bachelor;university david club;2012;political science
gilbertamy@example.com;phd;university hill motorway;2018;business administration
gilbertamy@example.com;bachelor;university joshua branch;2023;theater
gmcclure@example.org;faculty;university david lakes;2012;history
gmcclure@example.org;phd;university nicholas underpass;2016;environmental science
gonzalezdaniel@example.net;master;university albert falls;2016;art
granthaley@example.net;faculty;university lopez manor;2021;physics
granthaley@example.net;phd;university thompson motorway;2011;computer science
grayjillian@example.org;phd;university colon lights;2014;education
grayjillian@example.org;postdoctoral researchers;university holloway place;2012;nursing
gregmccall@example.net;bachelor;university murphy freeway;2019;nursing
gregmccall@example.net;bachelor;university perez wells;2010;music
gregmccall@example.net;faculty;university williams garden;2010;physics
gregorykathleen@example.org;postdoctoral researchers;university aaron locks;2017;computer science
gregorykathleen@example.org;faculty;university joseph skyway;2020;political science
gsimmons@example.net;faculty;university holly junction;2021;education
gsimmons@example.net;faculty;university mackenzie inlet;2014;philosophy
hailey65@example.net;bachelor;university angela ports;2013;psychology
hailey65@example.net;bachelor;university kyle mountain;2021;philosophy
hailey65@example.net;bachelor;university sharon brook;2025;psychology
hannah15@example.com;postdoctoral researchers;university melanie ramp;2025;chemistry
hberger@example.com;master;university hester mountain;2023;business administration
hberger@example.com;faculty;university porter creek;2011;chemistry
hduncan@example.net;postdoctoral researchers;university pearson river;2025;business administration
hdurham@example.com;master;university russell loop;2021;biology
heather26@example.com;bachelor;university andrea motorway;2015;business administration
heather26@example.com;bachelor;university green court;2020;mathematics
heather26@example.com;postdoctoral researchers;university sarah extensions;2021;nursing
heatherolsen@example.com;postdoctoral researchers;university cole loop;2012;nursing
heidiharris@example.org;phd;university alexander springs;2020;mathematics
heidiharris@example.org;master;university wilson mills;2020;engineering
hendersonjoseph@example.net;postdoctoral researchers;university lowery center;2021;political science
hendersonjoseph@example.net;faculty;university mitchell turnpike;2017;psychology
hhall@example.net;master;university elizabeth road;2011;art
hhall@example.net;master;university jennifer street;2012;political science
hhall@example.net;postdoctoral researchers;university porter estate;2019;psychology
hhunter@example.org;master;university brown mall;2011;business administration
hhunter@example.org;postdoctoral researchers;university jessica burgs;2024;political science
hillmegan@example.org;postdoctoral researchers;university robert wells;2022;engineering
hjackson@example.org;phd;university briana freeway;2023;environmental science
hjackson@example.org;faculty;university cindy hollow;2022;art
hmarshall@example.net;postdoctoral researchers;university danny mountains;2025;theater
hmarshall@example.net;master;university lucero cliff;2014;education
hmarshall@example.net;phd;university sanchez harbor;2021;nursing
hmitchell@example.org;master;university jackson harbor;2014;music
hmitchell@example.org;master;university leslie mountains;2021;music
hmitchell@example.org;postdoctoral researchers;university shawn station;2021;economics
howellsarah@example.org;postdoctoral researchers;university jones course;2022;music
howellsarah@example.org;master;university lane brook;2010;biology
howellsarah@example.org;master;university mark expressway;2025;political science
hpierce@example.com;postdoctoral researchers;university perez parkways;2015;music
hpierce@example.com;postdoctoral researchers;university randy manors;2020;computer science
hpierce@example.com;master;university riley drive;2015;environmental science
hroberson@example.net;faculty;university cooper island;2017;theater
hroberson@example.net;faculty;university ryan inlet;2025;history
hsantiago@example.org;phd;university conrad inlet;2023;philosophy
hstanley@example.net;phd;university huff drive;2010;biology
hstanley@example.net;master;university navarro lodge;2021;theater
hunterandres@example.net;postdoctoral researchers;university blake court;2022;environmental science
hunterandres@example.net;phd;university rachel freeway;2018;music
hunterandres@example.net;bachelor;university sosa viaduct;2020;physics
hwilliams@example.org;master;university john springs;2022;business administration
igates@example.com;bachelor;university adrian unions;2019;nursing
igates@example.com;postdoctoral researchers;university butler islands;2018;environmental science
igates@example.com;bachelor;university price ramp;2023;art
ingramdawn@example.com;master;university king tunnel;2014;psychology
ingramdawn@example.com;bachelor;university ortiz squares;2014;psychology
ingramdawn@example.com;master;university rachel track;2023;business administration
iruiz@example.com;postdoctoral researchers;university kimberly mill;2018;business administration
iwilliams@example.com;postdoctoral researchers;university aaron locks;2014;economics
iwilliams@example.com;postdoctoral researchers;university pace viaduct;2019;theater
jacksonjoshua@example.org;phd;university grimes corners;2011;mathematics
jacob58@example.com;postdoctoral researchers;university stephen shoal;2018;nursing
jadegutierrez@example.net;postdoctoral researchers;university gary canyon;2023;engineering
jadegutierrez@example.net;phd;university kelly views;2012;art
jadegutierrez@example.net;bachelor;university ortega shores;2015;biology
james30@example.net;faculty;university berry course;2025;business administration
james71@example.org;postdoctoral researchers;university april turnpike;2017;art
james71@example.org;phd;university kramer crossroad;2010;education
james71@example.org;faculty;university lloyd summit;2016;education
james82@example.net;phd;university powell station;2010;music
jamesjensen@example.com;postdoctoral researchers;university lawrence route;2023;art
jamesjensen@example.com;phd;university valenzuela shore;2025;economics
jamessanchez@example.org;bachelor;university christian estate;2013;biology
jamessanchez@example.org;faculty;university erin extensions;2014;environmental science
jamesthomas@example.net;faculty;university amanda avenue;2017;sociology
jamesthomas@example.net;master;university fred stravenue;2010;political science
jamesthomas@example.net;master;university jason cliff;2017;art
jamie15@example.net;faculty;university daniel center;2010;mathematics
jamie15@example.net;postdoctoral researchers;university warren keys;2010;engineering
janet35@example.com;master;university keith avenue;2018;environmental science
janice54@example.net;faculty;university cassidy port;2013;environmental science
jasmin57@example.org;bachelor;university bradford extension;2013;mathematics
jasonzavala@example.com;phd;university white lane;2015;engineering
jcarter@example.net;phd;university clark village;2020;political science
jeffery64@example.org;phd;university keith estates;2014;history
jeffery64@example.org;master;university paul fort;2012;computer science
jenkinscynthia@example.com;postdoctoral researchers;university eric square;2020;environmental science
jenkinscynthia@example.com;master;university patrick ramp;2023;mathematics
jenkinscynthia@example.com;bachelor;university watson road;2016;history
jeremiah01@example.net;postdoctoral researchers;university lori manor;2010;computer science
jeremiah01@example.net;postdoctoral researchers;university price road;2020;education
jeremiah01@example.net;master;university west burg;2014;economics
jeremycastro@example.net;bachelor;university breanna camp;2018;computer science
jesseedwards@example.org;faculty;university baldwin roads;2019;music
jesseedwards@example.org;faculty;university kristopher parkways;2010;art
jesseedwards@example.org;faculty;university nicole park;2024;psychology
jessicaaustin@example.net;bachelor;university smith coves;2023;engineering
jessicabrown@example.net;postdoctoral researchers;university charles hollow;2019;mathematics
jessicabrown@example.net;faculty;university mary cliff;2013;nursing
jessicahurley@example.com;bachelor;university bryan manors;2022;education
jessicahurley@example.com;master;university gonzalez gardens;2021;education
jessicahurley@example.com;bachelor;university meza creek;2023;business administration
jessicasmith@example.net;bachelor;university robert circle;2022;engineering
jessicasmith@example.net;faculty;university robles center;2023;philosophy
jill64@example.com;phd;university lane path;2020;psychology
jjenkins@example.org;bachelor;university eric trail;2023;environmental science
jjenkins@example.org;phd;university erika run;2025;environmental science
jjenkins@example.org;bachelor;university john rapid;2010;biology
john90@example.net;master;university jasmine route;2020;economics
johnbenton@example.com;phd;university jennifer loaf;2016;economics
johnbenton@example.com;phd;university poole common;2023;nursing
johnhernandez@example.org;bachelor;university bill bridge;2015;music
johnhernandez@example.org;postdoctoral researchers;university elizabeth hill;2016;education
johnhernandez@example.org;postdoctoral researchers;university li corner;2024;biology
johnsonandrew@example.net;phd;university bond unions;2010;music
johnsonandrew@example.net;master;university griffin squares;2022;history
johnsonandrew@example.net;postdoctoral researchers;university woodard stravenue;2012;chemistry
johnsondeborah@example.net;master;university cindy trafficway;2018;history
johnsonnancy@example.net;faculty;university beasley pike;2012;history
johnsonnancy@example.net;postdoctoral researchers;university mary green;2022;mathematics
johnsonnancy@example.net;postdoctoral researchers;university megan brooks;2012;business administration
jonathanallen@example.net;phd;university carol road;2010;physics
jonathanallen@example.net;faculty;university marc divide;2024;engineering
jordan24@example.org;bachelor;university green common;2018;biology
joshua34@example.net;master;university brown hill;2021;psychology
joshua34@example.net;postdoctoral researchers;university dalton squares;2011;chemistry
joshua34@example.net;faculty;university karen fork;2010;philosophy
joshuawatson@example.net;postdoctoral researchers;university christina inlet;2018;political science
joshuawatson@example.net;bachelor;university clark plains;2010;theater
joshuawatson@example.net;faculty;university sweeney court;2012;political science
jperry@example.net;phd;university david mews;2011;psychology
jperry@example.net;master;university jonathan lodge;2022;art
jperry@example.net;postdoctoral researchers;university steve plains;2011;history
jpeters@example.org;master;university gonzalez flat;2023;business administration
jpeters@example.org;faculty;university washington brook;2016;environmental science
jrodriguez@example.com;faculty;university johnson isle;2012;economics
jrodriguez@example.com;postdoctoral researchers;university wilson parks;2023;art
judyevans@example.org;master;university cox pass;2023;art
juliewarren@example.com;master;university lewis place;2014;art
juliewarren@example.com;postdoctoral researchers;university robert light;2023;business administration
karicarter@example.com;phd;university miller cliffs;2023;psychology
kathrynprice@example.org;bachelor;university gregory squares;2015;engineering
katrinastewart@example.org;master;university bowen terrace;2012;biology
katrinastewart@example.org;postdoctoral researchers;university lisa squares;2020;engineering
katrinastewart@example.org;postdoctoral researchers;university richard mountains;2021;mathematics
kayla98@example.com;faculty;university black harbors;2012;biology
kayla98@example.com;postdoctoral researchers;university hudson valley;2020;environmental science
kayla98@example.com;faculty;university patterson station;2024;physics
kaylamccall@example.org;bachelor;university sullivan expressway;2016;nursing
kaylamoreno@example.net;master;university james pine;2014;environmental science
kblack@example.com;faculty;university amanda crossing;2012;history
kdavis@example.net;bachelor;university amanda spring;2018;philosophy
kdavis@example.net;master;university lori isle;2019;political science
keithgonzalez@example.com;phd;university mariah crest;2012;biology
kelly93@example.net;faculty;university robertson bridge;2011;mathematics
kellylopez@example.org;faculty;university alvarez corners;2015;economics
kellylopez@example.org;phd;university nancy camp;2020;economics
kendra83@example.org;postdoctoral researchers;university allen pass;2013;theater
kendra83@example.org;faculty;university matthew views;2014;philosophy
kendra83@example.org;master;university nelson turnpike;2014;political science
kenneth77@example.com;postdoctoral researchers;university donald tunnel;2016;art
kenneth77@example.com;bachelor;university jimmy pines;2022;physics
kentandre@example.org;postdoctoral researchers;university chris brooks;2016;philosophy
kentandre@example.org;phd;university mack lodge;2023;computer science
kentandre@example.org;faculty;university robinson pine;2018;history
kevinmarshall@example.net;bachelor;university laurie rapid;2022;education
kevinmarshall@example.net;faculty;university levy isle;2023;engineering
kevinmarshall@example.net;bachelor;university timothy roads;2020;engineering
kgreen@example.com;phd;university gardner parkway;2022;art
kgreen@example.com;faculty;university mark fords;2017;art
khayes@example.com;faculty;university alexander ramp;2019;economics
khayes@example.com;phd;university donald underpass;2024;biology
khayes@example.com;master;university massey brooks;2016;history
khorn@example.net;faculty;university mitchell green;2010;physics
khorn@example.net;master;university rose junction;2019;engineering
kimberlywilliams@example.net;postdoctoral researchers;university david curve;2010;chemistry
kimberlywilliams@example.net;faculty;university james ford;2016;philosophy
kimberlywilliams@example.net;faculty;university jeffrey pine;2022;economics
knightdenise@example.com;bachelor;university flynn plains;2021;psychology
kristenmiles@example.net;phd;university anna loop;2017;biology
kristenmiles@example.net;faculty;university erin roads;2018;physics
kristenmiles@example.net;faculty;university rachel lake;2012;theater
kristiedavis@example.com;bachelor;university jenna streets;2015;economics
kristiedavis@example.com;bachelor;university lowery wall;2021;art
kross@example.net;phd;university mahoney street;2013;philosophy
ksmith@example.org;postdoctoral researchers;university morgan causeway;2023;nursing
ksmith@example.org;faculty;university wallace lane;2019;mathematics
kyle38@example.com;phd;university collins overpass;2016;mathematics
lauraconley@example.org;faculty;university kimberly meadow;2014;economics
lauraconley@example.org;postdoctoral researchers;university zachary hollow;2015;political science
lcox@example.net;master;university heather hill;2023;mathematics
lcox@example.net;postdoctoral researchers;university moran overpass;2021;theater
lcox@example.net;phd;university wise brook;2019;sociology
leonardjacob@example.net;postdoctoral researchers;university castillo common;2016;nursing
leonardjacob@example.net;bachelor;university johnson wall;2017;sociology
leonardjacob@example.net;postdoctoral researchers;university odom cove;2017;business administration
leonnicholas@example.com;bachelor;university larry mission;2016;education
lewisstephen@example.org;faculty;university calhoun branch;2016;theater
lindagonzales@example.com;faculty;university kelsey plaza;2025;education
lisa53@example.net;bachelor;university barton drive;2020;chemistry
lisa53@example.net;postdoctoral researchers;university jonathan union;2015;education
lisa53@example.net;phd;university luis canyon;2018;music
lisaarroyo@example.com;phd;university kevin glens;2016;mathematics
lisaarroyo@example.com;master;university michelle burgs;2023;psychology
logan02@example.net;master;university gilbert court;2017;biology
lorettamack@example.org;postdoctoral researchers;university mcconnell ford;2010;economics
lorettamack@example.org;phd;university moss loaf;2017;physics
lori37@example.org;master;university cummings avenue;2022;psychology
louischapman@example.org;bachelor;university sarah spur;2021;nursing
loveluke@example.net;master;university davis vista;2025;physics
loveluke@example.net;master;university faulkner ford;2012;psychology
loveluke@example.net;phd;university johnson lakes;2018;theater
lpalmer@example.org;faculty;university greene fields;2013;nursing
lpalmer@example.org;postdoctoral researchers;university wendy pass;2014;philosophy
lramirez@example.net;master;university donna estate;2013;philosophy
lsanders@example.org;master;university cassandra tunnel;2023;business administration
lsanders@example.org;postdoctoral researchers;university mcdowell harbor;2023;nursing
lsmith@example.net;master;university bryce ramp;2017;nursing
lynchrodney@example.com;phd;university castro meadows;2010;art
lynn36@example.com;phd;university harris mall;2019;business administration
madams@example.org;phd;university chelsea pines;2018;political science
maddoxcarlos@example.net;phd;university alexis ville;2013;political science
maddoxcarlos@example.net;faculty;university brandi estates;2018;business administration
maddoxcarlos@example.net;faculty;university mark crossing;2015;sociology
mallory33@example.org;master;university jones overpass;2010;business administration
mallory33@example.org;master;university katelyn well;2018;physics
mallory33@example.org;master;university michelle forges;2020;music
marie11@example.com;master;university mclean hollow;2010;sociology
marie11@example.com;bachelor;university rogers center;2012;sociology
marie11@example.com;master;university zuniga hollow;2018;physics
mark06@example.com;bachelor;university ashlee key;2015;business administration
mark06@example.com;master;university emily mountains;2016;theater
mark06@example.com;master;university smith field;2010;nursing
mark16@example.net;bachelor;university martin freeway;2017;economics
martinezbrooke@example.org;master;university christine crossroad;2023;economics
martinezbrooke@example.org;phd;university davis ridge;2024;engineering
martinezbrooke@example.org;bachelor;university robinson ridge;2017;environmental science
mary75@example.net;phd;university barbara run;2023;biology
mary75@example.net;master;university coleman track;2018;theater
mary75@example.net;phd;university seth neck;2022;political science
marydelacruz@example.com;bachelor;university anthony keys;2025;education
marydelacruz@example.com;master;university stacey highway;2022;engineering
marypowers@example.com;faculty;university becky extensions;2020;philosophy
masonamanda@example.net;faculty;university keith stream;2019;mathematics
masonamanda@example.net;postdoctoral researchers;university nelson ranch;2018;biology
matthew86@example.net;postdoctoral researchers;university janet station;2019;sociology
matthew86@example.net;faculty;university sara stream;2024;computer science
max24@example.org;master;university angel cape;2012;history
max24@example.org;faculty;university jessica drive;2012;philosophy
max24@example.org;phd;university johnson road;2014;nursing
maxwell39@example.org;bachelor;university davis locks;2020;political science
maxwell39@example.org;bachelor;university mercado locks;2021;history
mccoypatrick@example.com;bachelor;university lopez route;2017;music
megan03@example.org;phd;university francis mews;2018;computer science
megan03@example.org;master;university novak road;2014;music
megan03@example.org;postdoctoral researchers;university stacie walks;2024;chemistry
meganhernandez@example.org;postdoctoral researchers;university kara ranch;2010;computer science
meganhernandez@example.org;bachelor;university martha villages;2017;music
meganhernandez@example.org;postdoctoral researchers;university wright canyon;2023;sociology
melody77@example.net;faculty;university elizabeth crescent;2021;music
meredithsmith@example.net;master;university bright pass;2023;engineering
meredithsmith@example.net;faculty;university rosales roads;2019;business administration
meredithsmith@example.net;faculty;university susan cove;2011;chemistry
michael21@example.com;bachelor;university black canyon;2015;philosophy
michael21@example.com;faculty;university davis land;2025;nursing
michael21@example.com;faculty;university taylor spur;2012;education
michael36@example.org;bachelor;university cheryl parkways;2024;theater
michael36@example.org;faculty;university laura parks;2010;music
michael36@example.org;master;university willis wall;2022;philosophy
michael57@example.net;master;university jennifer islands;2012;history
michael57@example.net;bachelor;university natalie glens;2020;art
michael89@example.net;phd;university christopher canyon;2023;music
michaelasparks@example.net;faculty;university cody lodge;2010;chemistry
michaelasparks@example.net;faculty;university dale union;2013;education
michaelasparks@example.net;postdoctoral researchers;university long circles;2015;philosophy
michele73@example.com;postdoctoral researchers;university hernandez hill;2019;mathematics
michele73@example.com;faculty;university tony ville;2018;engineering
michellemason@example.net;postdoctoral researchers;university moore parkways;2018;psychology
michelleodom@example.org;master;university barrett street;2011;psychology
michelleodom@example.org;faculty;university bobby summit;2015;computer science
michelleodom@example.org;faculty;university jackson keys;2014;theater
middletondaniel@example.org;phd;university weeks streets;2016;education
milesthomas@example.net;bachelor;university patterson stream;2016;economics
millermonica@example.com;faculty;university matthew unions;2017;engineering
mitchelljanice@example.com;faculty;university michael ways;2025;economics
mitchelljanice@example.com;faculty;university vargas flats;2019;art
mitchelljanice@example.com;faculty;university wagner mills;2025;art
mmurphy@example.org;postdoctoral researchers;university dana fall;2013;environmental science
moonscott@example.com;postdoctoral researchers;university barker centers;2013;computer science
moorelori@example.org;master;university roger summit;2016;theater
moorerichard@example.org;faculty;university gregory wall;2013;nursing
moorerichard@example.org;phd;university jennifer valley;2017;computer science
moorerichard@example.org;bachelor;university powell row;2021;biology
morrisjeffrey@example.net;faculty;university davis underpass;2023;psychology
morrisjeffrey@example.net;master;university weaver trace;2023;economics
morrisjeffrey@example.net;postdoctoral researchers;university william loaf;2016;nursing
morrismichael@example.com;faculty;university thompson key;2015;art
morrismichael@example.com;faculty;university zimmerman freeway;2013;nursing
mortonlisa@example.com;postdoctoral researchers;university angel estates;2022;business administration
mschaefer@example.org;master;university lauren cove;2020;music
mschaefer@example.org;faculty;university philip harbors;2014;engineering
mschaefer@example.org;postdoctoral researchers;university roberts causeway;2024;music
murphytimothy@example.com;faculty;university acevedo avenue;2025;theater
murphytimothy@example.com;postdoctoral researchers;university rivera corners;2017;computer science
murphytimothy@example.com;postdoctoral researchers;university savage circle;2018;theater
mzimmerman@example.com;phd;university adams well;2018;art
mzimmerman@example.com;phd;university heather fords;2021;music
nancy68@example.org;phd;university alexis court;2014;history
nathaniel96@example.net;postdoctoral researchers;university charles run;2010;environmental science
naustin@example.org;phd;university love junctions;2017;psychology
nelsonchristian@example.net;postdoctoral researchers;university alexander viaduct;2024;philosophy
nelsonchristian@example.net;phd;university jesus mill;2018;engineering
nelsondonna@example.org;master;university davies ferry;2012;political science
nelsondonna@example.org;faculty;university katrina ferry;2016;theater
newtonmegan@example.org;master;university hunter stravenue;2017;biology
newtonsean@example.net;faculty;university dawn radial;2015;chemistry
newtonsean@example.net;postdoctoral researchers;university mariah ports;2013;computer science
ngomez@example.net;bachelor;university christopher dale;2018;theater
ngomez@example.net;postdoctoral researchers;university patel summit;2021;computer science
nhenson@example.com;master;university williams falls;2022;chemistry
nicholas80@example.com;phd;university bowen brooks;2015;sociology
nicholas80@example.com;phd;university robert street;2015;art
nicholas89@example.org;bachelor;university allen shoal;2013;economics
nicholas89@example.org;phd;university goodman parkway;2010;theater
nicholas89@example.org;bachelor;university smith throughway;2017;economics
nicholascarter@example.org;faculty;university cook turnpike;2025;sociology
nicholasgonzalez@example.net;postdoctoral researchers;university christina lodge;2024;environmental science
nicholasgonzalez@example.net;postdoctoral researchers;university rebecca corner;2024;computer science
nicholasgonzalez@example.net;postdoctoral researchers;university samantha meadows;2017;art
nicholasleon@example.org;faculty;university wood square;2021;mathematics
nsilva@example.net;master;university poole lakes;2024;physics
nsilva@example.net;bachelor;university wendy locks;2011;environmental science
ofinley@example.org;bachelor;university cory mill;2021;computer science
ofinley@example.org;master;university trevor extensions;2014;political science
ojackson@example.org;bachelor;university grant lake;2010;environmental science
ojackson@example.org;bachelor;university haynes mountains;2014;computer science
ojackson@example.org;phd;university jason circles;2016;engineering
oliverstephen@example.org;bachelor;university davis highway;2022;sociology
oliverstephen@example.org;bachelor;university johnny valley;2022;music
oliverstephen@example.org;postdoctoral researchers;university johnson camp;2017;biology
olivia88@example.net;phd;university chandler junctions;2024;computer science
olivia88@example.net;postdoctoral researchers;university weber plains;2020;art
omorris@example.net;master;university mosley squares;2021;theater
oprice@example.org;phd;university johnson roads;2025;mathematics
oprice@example.org;faculty;university julia springs;2020;engineering
oprice@example.org;master;university monica lakes;2016;biology
orogers@example.com;postdoctoral researchers;university brian course;2019;engineering
orogers@example.com;master;university cooper viaduct;2025;nursing
orogers@example.com;faculty;university watts wells;2024;physics
orosales@example.org;master;university eric well;2011;computer science
oscarstark@example.org;master;university michael loop;2012;philosophy
owensjeremy@example.net;bachelor;university jamie creek;2014;business administration
palmercassandra@example.net;postdoctoral researchers;university burke way;2022;psychology
palmercassandra@example.net;postdoctoral researchers;university chambers mountains;2012;philosophy
palmercassandra@example.net;master;university michael trafficway;2012;nursing
patrickschneider@example.com;bachelor;university austin dale;2015;biology
paul53@example.org;faculty;university laura cliff;2019;business administration
paul53@example.org;master;university page square;2015;physics
paul53@example.org;bachelor;university roberson falls;2025;business administration
paula36@example.net;master;university kimberly circles;2011;music
paula36@example.net;master;university rojas mall;2023;political science
paula75@example.com;faculty;university eric lakes;2023;business administration
paula75@example.com;phd;university manning field;2015;theater
paula75@example.com;postdoctoral researchers;university pineda spur;2016;nursing
penavanessa@example.net;master;university collins place;2016;biology
penavanessa@example.net;master;university erik estate;2018;philosophy
perezjason@example.net;faculty;university john corners;2023;art
perezjason@example.net;master;university kathy bridge;2012;chemistry
petersenandrew@example.net;master;university boyer well;2016;economics
petersenandrew@example.net;master;university jeffrey forks;2014;sociology
petersenandrew@example.net;postdoctoral researchers;university stephanie shores;2012;theater
petersenyvonne@example.net;master;university sexton union;2022;mathematics
pgilbert@example.org;master;university gibbs walks;2012;music
pgilbert@example.org;postdoctoral researchers;university michaela plain;2023;nursing
phillipmartinez@example.com;bachelor;university watson court;2025;art
pmartinez@example.com;master;university frank walk;2024;engineering
pmartinez@example.com;postdoctoral researchers;university harris drive;2020;computer science
poncecarolyn@example.net;faculty;university ryan crest;2023;environmental science
popepaul@example.net;master;university chung harbors;2021;history
popepaul@example.net;postdoctoral researchers;university mays turnpike;2017;theater
popepaul@example.net;faculty;university timothy plains;2023;engineering
powelljean@example.com;faculty;university brown branch;2025;theater
powelljean@example.com;postdoctoral researchers;university wood glen;2021;education
privera@example.org;phd;university tate greens;2024;economics
pruiz@example.com;master;university beard way;2020;biology
pruiz@example.com;bachelor;university moore point;2024;art
pruiz@example.com;postdoctoral researchers;university smith inlet;2019;engineering
psmith@example.org;phd;university kathleen neck;2013;economics
qelliott@example.org;phd;university danielle shoal;2013;mathematics
qherrera@example.com;postdoctoral researchers;university david tunnel;2015;philosophy
qherrera@example.com;postdoctoral researchers;university gerald mall;2010;nursing
rebeccazavala@example.org;faculty;university joseph courts;2025;computer science
rhonda87@example.net;master;university douglas viaduct;2024;computer science
rhonda87@example.net;faculty;university heather island;2019;sociology
rhonda87@example.net;master;university white underpass;2015;business administration
rhondadixon@example.com;bachelor;university thomas branch;2013;mathematics
ricardo77@example.net;faculty;university bishop crossing;2010;chemistry
ricardo77@example.net;phd;university cunningham passage;2024;music
ricardo77@example.net;phd;university debbie unions;2013;biology
richard22@example.com;postdoctoral researchers;university brenda ferry;2016;psychology
richard22@example.com;postdoctoral researchers;university claudia fields;2017;history
richard22@example.com;bachelor;university molly groves;2013;theater
richardkelly@example.net;postdoctoral researchers;university cynthia heights;2017;psychology
richardkelly@example.net;master;university cynthia plaza;2022;engineering
richardkelly@example.net;bachelor;university hudson village;2016;art
robert03@example.org;phd;university brown springs;2016;computer science
robert03@example.org;postdoctoral researchers;university crystal garden;2023;education
robert03@example.org;faculty;university klein viaduct;2010;education
robert22@example.org;faculty;university april place;2018;philosophy
robert22@example.org;master;university rachel mill;2019;computer science
robert38@example.com;bachelor;university darrell gardens;2011;biology
robertquinn@example.com;master;university smith brooks;2025;nursing
robertquinn@example.com;master;university stephanie pine;2010;business administration
robertquinn@example.com;postdoctoral researchers;university steven station;2023;music
robertsaustin@example.net;master;university castillo common;2014;sociology
robertschmidt@example.net;bachelor;university mark estates;2017;mathematics
robertschmidt@example.net;bachelor;university moran cove;2015;chemistry
robertsonnathan@example.org;faculty;university brown lane;2014;chemistry
robertsonnathan@example.org;faculty;university cameron village;2012;computer science
robertsonnathan@example.org;faculty;university johnson cliffs;2020;engineering
rodneyrichardson@example.com;phd;university david locks;2017;education
rodneyrichardson@example.com;postdoctoral researchers;university rebecca mission;2017;environmental science
rodneyrichardson@example.com;master;university wilson view;2021;economics
rrodriguez@example.net;bachelor;university michael unions;2020;psychology
rsmith@example.com;bachelor;university george flats;2017;philosophy
rubenharris@example.com;faculty;university cooper estates;2024;sociology
rubenharris@example.com;bachelor;university cox union;2019;political science
rubenharris@example.com;bachelor;university lisa mountain;2012;environmental science
rushamanda@example.net;postdoctoral researchers;university allen throughway;2019;psychology
rushamanda@example.net;phd;university melton fields;2014;theater
rushamanda@example.net;bachelor;university welch lights;2014;history
ryan78@example.org;bachelor;university james cove;2023;mathematics
ryan78@example.org;postdoctoral researchers;university sheila ferry;2024;education
ryan78@example.org;phd;university werner alley;2024;environmental science
samuelmarquez@example.net;master;university gilbert lock;2024;physics
samuelmarquez@example.net;bachelor;university melissa locks;2010;environmental science
sanchezjoyce@example.org;postdoctoral researchers;university brittany stream;2021;music
sanchezjoyce@example.org;phd;university chavez mission;2025;art
sanchezjoyce@example.org;postdoctoral researchers;university smith ridges;2019;engineering
saragraves@example.org;faculty;university andrew motorway;2013;history
saragraves@example.org;phd;university brown ports;2021;business administration
saragraves@example.org;master;university garcia mountain;2024;philosophy
savagemichael@example.net;bachelor;university randall route;2013;biology
savagemichael@example.net;phd;university simon stravenue;2025;nursing
savannahsoto@example.net;bachelor;university jamie freeway;2010;nursing
savannahsoto@example.net;postdoctoral researchers;university jones hollow;2010;computer science
savannahsoto@example.net;postdoctoral researchers;university walsh hill;2015;psychology
sawyersamuel@example.com;faculty;university deborah ranch;2018;mathematics
sbrown@example.net;phd;university sarah village;2010;physics
sbrown@example.net;master;university terry lock;2021;mathematics
sbrown@example.org;postdoctoral researchers;university collins mountain;2021;environmental science
sbrown@example.org;faculty;university lisa wells;2012;sociology
sbrown@example.org;postdoctoral researchers;university nicole park;2019;art
schroederdavid@example.com;phd;university hill groves;2017;education
schroederdavid@example.com;postdoctoral researchers;university janet mountains;2015;sociology
schroederdavid@example.com;master;university pollard gardens;2018;psychology
scotthill@example.com;bachelor;university brooke radial;2024;psychology
scotthill@example.com;phd;university tracey place;2021;physics
scottmccall@example.com;postdoctoral researchers;university kevin trafficway;2024;biology
scottmccall@example.com;postdoctoral researchers;university roger wall;2011;theater
scottzimmerman@example.net;postdoctoral researchers;university anna burgs;2024;theater
scottzimmerman@example.net;postdoctoral researchers;university ashley plains;2021;computer science
scottzimmerman@example.net;faculty;university hernandez stravenue;2016;environmental science
seanross@example.com;bachelor;university mark mountain;2024;psychology
seanross@example.com;faculty;university mcbride lakes;2020;business administration
serranomitchell@example.net;bachelor;university robert garden;2019;theater
serranomitchell@example.net;phd;university todd divide;2021;music
seth24@example.org;postdoctoral researchers;university michael shoals;2014;history
shannonharmon@example.com;master;university amanda glens;2014;environmental science
shannonharmon@example.com;faculty;university chang circles;2015;engineering
shawnpayne@example.com;phd;university kelsey brook;2010;biology
shelby91@example.com;bachelor;university cole drive;2013;chemistry
shelly02@example.net;phd;university bell plains;2016;business administration
shelly02@example.net;bachelor;university christine crest;2022;business administration
shelly02@example.net;faculty;university ronald mall;2011;philosophy
sheri00@example.org;phd;university rogers forges;2025;mathematics
sierrasmith@example.com;master;university devin dam;2017;mathematics
sierrasmith@example.com;faculty;university sean land;2024;music
sierrasmith@example.com;master;university tammy expressway;2013;art
simpsoncody@example.org;bachelor;university hill terrace;2022;art
smcdowell@example.net;master;university kline roads;2011;engineering
smithalexandra@example.org;postdoctoral researchers;university huber creek;2013;physics
smithamanda@example.org;faculty;university christopher mountain;2013;chemistry
smithmargaret@example.net;master;university stephanie loaf;2015;business administration
smithmark@example.net;master;university susan station;2010;nursing
smithsuzanne@example.net;postdoctoral researchers;university adams haven;2021;nursing
smithtammy@example.net;phd;university diana street;2014;nursing
smithtammy@example.net;phd;university eric river;2016;chemistry
smithtammy@example.net;bachelor;university mueller stravenue;2015;engineering
staceyrichardson@example.org;phd;university jason via;2011;economics
staceyrichardson@example.org;bachelor;university joshua village;2021;business administration
stephaniewalker@example.org;phd;university krystal forest;2018;history
stephaniewalker@example.org;master;university nicole lodge;2013;education
stevenburton@example.net;faculty;university tate island;2019;education
stevenburton@example.net;bachelor;university washington haven;2012;engineering
suemunoz@example.org;phd;university barker manor;2010;sociology
summersmith@example.org;phd;university paul street;2021;business administration
summersmith@example.org;postdoctoral researchers;university sarah circle;2018;theater
summersmith@example.org;faculty;university savage ridge;2016;theater
syates@example.com;phd;university brenda isle;2014;business administration
tamara53@example.net;postdoctoral researchers;university newman square;2012;environmental science
tamaramoran@example.net;postdoctoral researchers;university dalton courts;2020;education
tamaramoran@example.net;postdoctoral researchers;university smith route;2012;education
tammy20@example.org;faculty;university tricia court;2019;chemistry
tammy36@example.com;master;university wheeler circle;2019;physics
taylorsteven@example.org;bachelor;university claudia creek;2010;theater
taylorsteven@example.org;faculty;university mora mountain;2010;physics
taylorsteven@example.org;phd;university williams cove;2023;theater
tbradshaw@example.org;phd;university johnson row;2017;philosophy
tbradshaw@example.org;master;university lauren greens;2017;business administration
tbradshaw@example.org;postdoctoral researchers;university miller drive;2019;engineering
terrence30@example.net;master;university brown turnpike;2012;education
terrence30@example.net;faculty;university charles fords;2013;history
terrence30@example.net;bachelor;university leach wells;2022;art
terricochran@example.com;phd;university rivera mews;2024;theater
tevans@example.net;phd;university lee keys;2018;history
tevans@example.net;bachelor;university steele via;2010;philosophy
tgreen@example.net;master;university anthony stream;2014;psychology
tgreen@example.net;faculty;university lawson underpass;2023;art
tgreen@example.net;faculty;university wu radial;2013;art
thomasmichael@example.org;master;university samuel knolls;2025;computer science
thompsonmichael@example.com;faculty;university lopez vista;2017;computer science
thompsonmichael@example.com;bachelor;university owens circles;2010;environmental science
thompsonmichael@example.com;bachelor;university sarah tunnel;2011;environmental science
thudson@example.com;faculty;university roberts common;2013;art
thudson@example.com;phd;university smith valley;2020;education
thudson@example.com;phd;university terry highway;2025;sociology
tiffanygonzalez@example.net;bachelor;university amanda spur;2017;physics
tiffanygonzalez@example.net;phd;university jonathan station;2022;economics
tiffanygonzalez@example.net;postdoctoral researchers;university mckee burg;2015;psychology
tiffanykirby@example.net;bachelor;university jonathan ville;2019;music
tiffanykirby@example.net;postdoctoral researchers;university mason forges;2016;sociology
tiffanykirby@example.net;faculty;university smith port;2021;economics
tina09@example.com;postdoctoral researchers;university roy garden;2013;political science
tleonard@example.org;phd;university edward ville;2019;music
tmorgan@example.com;bachelor;university castaneda rapids;2021;sociology
todd36@example.org;postdoctoral researchers;university matthew cove;2021;environmental science
toddrobert@example.org;phd;university allen port;2025;political science
toddrobert@example.org;master;university moore skyway;2018;sociology
toddrobert@example.org;postdoctoral researchers;university rowe curve;2019;economics
toni13@example.org;faculty;university amanda skyway;2022;sociology
toni13@example.org;postdoctoral researchers;university johnson avenue;2015;environmental science
toni13@example.org;master;university richards lodge;2014;computer science
townsendmark@example.net;phd;university gabriela gardens;2016;theater
townsendmark@example.net;faculty;university natalie mills;2024;political science
townsendmark@example.net;faculty;university thomas haven;2015;sociology
traceyneal@example.net;faculty;university davis crest;2016;mathematics
traceyneal@example.net;bachelor;university garcia flats;2016;art
traceyneal@example.net;postdoctoral researchers;university zavala drive;2023;political science
triley@example.com;master;university dana port;2025;chemistry
troy57@example.com;phd;university ashley squares;2016;chemistry
troy57@example.com;bachelor;university flowers streets;2014;business administration
tryan@example.org;phd;university jason row;2022;biology
tryan@example.org;master;university thomas wells;2013;political science
tstewart@example.com;faculty;university joseph glen;2016;education
tuckercrystal@example.org;postdoctoral researchers;university norton isle;2023;theater
tuckercrystal@example.org;master;university wilson forges;2014;biology
tuckermatthew@example.net;postdoctoral researchers;university wells hollow;2017;biology
tylerdavid@example.org;phd;university karen inlet;2023;psychology
tylerdavid@example.org;postdoctoral researchers;university kyle estates;2012;economics
tylerdavid@example.org;bachelor;university vaughn manors;2012;engineering
ucruz@example.com;master;university christopher canyon;2017;economics
ucruz@example.com;postdoctoral researchers;university joshua isle;2023;mathematics
ucruz@example.com;postdoctoral researchers;university kramer islands;2018;theater
uharper@example.org;phd;university johnson island;2016;physics
uharper@example.org;faculty;university velasquez extension;2015;philosophy
uhill@example.net;faculty;university aguirre trail;2018;environmental science
umoss@example.com;bachelor;university harvey vista;2020;chemistry
umoss@example.com;postdoctoral researchers;university patty dale;2024;sociology
underwoodtina@example.net;faculty;university chandler lodge;2016;art
underwoodtina@example.net;bachelor;university johnson village;2015;business administration
uneal@example.com;bachelor;university bush center;2012;physics
uneal@example.com;postdoctoral researchers;university perry island;2020;biology
uneal@example.com;phd;university trevor crossroad;2025;business administration
usanchez@example.net;faculty;university stein court;2022;philosophy
ushelton@example.com;postdoctoral researchers;university matthew summit;2025;political science
ushelton@example.com;postdoctoral researchers;university meyers camp;2022;chemistry
ushelton@example.com;faculty;university nancy rapids;2019;political science
uvargas@example.net;postdoctoral researchers;university hall parkway;2014;economics
uvargas@example.net;master;university jessica tunnel;2021;business administration
uwilliams@example.org;phd;university farmer point;2022;history
vanessabowen@example.org;postdoctoral researchers;university brady estates;2018;sociology
vanessabowen@example.org;postdoctoral researchers;university richardson underpass;2011;theater
vanessabowen@example.org;phd;university rivera vista;2021;physics
vclayton@example.org;phd;university davis island;2024;economics
vclayton@example.org;bachelor;university john divide;2024;mathematics
vdavis@example.org;bachelor;university allen prairie;2022;mathematics
vdavis@example.org;phd;university michael unions;2022;sociology
vgonzalez@example.com;faculty;university andrew lodge;2012;biology
vgonzalez@example.com;phd;university harris ford;2019;theater
vharvey@example.net;master;university arthur mews;2020;sociology
vharvey@example.net;faculty;university figueroa inlet;2023;political science
virginiaboyd@example.com;phd;university alison village;2019;psychology
virginiaboyd@example.com;bachelor;university keith shore;2020;computer science
vlynch@example.com;master;university fisher estate;2011;psychology
vlynch@example.com;master;university hansen lodge;2010;business administration
walkerdavid@example.net;master;university wilson plaza;2013;chemistry
walkerlaura@example.com;postdoctoral researchers;university kelli loaf;2013;environmental science
walkerlaura@example.com;phd;university ward well;2014;theater
waltersandrea@example.org;bachelor;university strickland mall;2013;theater
watersdaniel@example.net;phd;university dawson dam;2013;engineering
watersdaniel@example.net;phd;university graham spur;2010;music
watkinsashley@example.org;master;university flores green;2012;physics
watkinsashley@example.org;postdoctoral researchers;university nicole freeway;2016;art
watsonjoshua@example.net;phd;university blackwell brook;2021;business administration
watsonjoshua@example.net;phd;university briana run;2011;computer science
wendycoleman@example.com;master;university eric mews;2024;biology
wendycoleman@example.com;phd;university martinez row;2012;engineering
wendycoleman@example.com;postdoctoral researchers;university mendoza roads;2016;political science
wendysteele@example.org;bachelor;university jason village;2011;business administration
wendysteele@example.org;phd;university joseph keys;2024;economics
wheelermariah@example.org;faculty;university clark islands;2019;history
wheelermariah@example.org;postdoctoral researchers;university samuel ramp;2022;sociology
wheelermariah@example.org;postdoctoral researchers;university vanessa park;2015;philosophy
whitejacqueline@example.com;faculty;university anderson viaduct;2020;economics
whitejacqueline@example.com;postdoctoral researchers;university green radial;2022;physics
william88@example.org;master;university julie throughway;2020;nursing
william88@example.org;master;university keith rapid;2010;physics
williamharris@example.org;postdoctoral researchers;university johnston flats;2018;sociology
williamharris@example.org;postdoctoral researchers;university raven spring;2025;sociology
williamharris@example.org;master;university vanessa manors;2016;art
williammartin@example.com;faculty;university george falls;2015;mathematics
williammartin@example.com;faculty;university nunez ports;2017;engineering
williammartin@example.com;postdoctoral researchers;university tina way;2024;political science
williamsalexis@example.org;faculty;university blackwell island;2021;history
williamsalexis@example.org;phd;university christopher lock;2015;psychology
williamsalyssa@example.net;phd;university berg island;2011;engineering
williamsalyssa@example.net;bachelor;university perez isle;2018;art
williamsalyssa@example.net;postdoctoral researchers;university thomas stravenue;2025;art
williamsmith@example.net;master;university kelly gateway;2024;business administration
williamsmith@example.net;bachelor;university olson ridges;2017;engineering
woodkenneth@example.org;faculty;university eric ranch;2021;art
wpark@example.com;phd;university orozco fall;2018;psychology
wrightkathleen@example.com;faculty;university ortiz prairie;2022;education
wswanson@example.net;postdoctoral researchers;university elliott prairie;2019;philosophy
wswanson@example.net;phd;university kayla course;2024;physics
wwalters@example.com;postdoctoral researchers;university jordan harbors;2022;environmental science
wwalters@example.com;postdoctoral researchers;university lori inlet;2014;business administration
wwalters@example.com;faculty;university martinez garden;2017;philosophy
xcarter@example.org;bachelor;university courtney corners;2014;history
xerickson@example.net;phd;university smith villages;2010;mathematics
xstephens@example.org;postdoctoral researchers;university samuel track;2016;art
yangyolanda@example.org;phd;university davis vista;2024;computer science
yangyolanda@example.org;postdoctoral researchers;university joshua curve;2012;music
yangyolanda@example.org;postdoctoral researchers;university schmidt circle;2022;history
ybaxter@example.com;postdoctoral researchers;university jamie estates;2010;environmental science
ybaxter@example.com;phd;university kimberly tunnel;2022;theater
ycruz@example.org;master;university brown camp;2014;physics
ycruz@example.org;master;university butler overpass;2024;psychology
ycruz@example.org;phd;university justin village;2015;art
yhill@example.org;bachelor;university laura turnpike;2022;psychology
yhill@example.org;phd;university robert loaf;2022;music
yjones@example.org;phd;university kathleen fall;2016;psychology
yjones@example.org;phd;university thomas green;2012;sociology
ymartin@example.net;postdoctoral researchers;university jennifer falls;2014;psychology
ymartin@example.net;faculty;university joshua drive;2021;engineering
youngsamantha@example.com;postdoctoral researchers;university diaz lodge;2013;history
youngsamantha@example.com;faculty;university valerie springs;2024;mathematics
youngstephen@example.net;bachelor;university colleen fall;2015;education
youngstephen@example.net;master;university larry pike;2022;business administration
youngstephen@example.net;postdoctoral researchers;university mullins park;2017;psychology
yrichardson@example.org;phd;university christina manors;2025;education
yrichardson@example.org;phd;university hanna cove;2015;psychology
yrichardson@example.org;bachelor;university ramirez loop;2019;physics
yrojas@example.com;phd;university joe causeway;2012;physics
ysullivan@example.com;phd;university christine glen;2013;theater
ysullivan@example.com;bachelor;university juan throughway;2014;engineering
ywallace@example.org;bachelor;university morgan cliffs;2016;economics
ywallace@example.org;faculty;university tracy curve;2010;environmental science
zgutierrez@example.org;postdoctoral researchers;university brown estate;2010;economics
zhunter@example.com;phd;university crawford ferry;2013;theater
zjohnson@example.org;phd;university gavin orchard;2017;economics
zjohnson@example.org;bachelor;university laura centers;2020;biology
zlee@example.org;bachelor;university white plains;2020;art
zmitchell@example.com;bachelor;university justin vista;2018;mathematics
zmitchell@example.com;postdoctoral researchers;university shannon stravenue;2011;environmental science
zmitchell@example.com;postdoctoral researchers;university stevens roads;2015;philosophy
znash@example.net;master;university michelle dale;2017;mathematics
znash@example.net;faculty;university sloan union;2017;physics
