email;company_name;role;duration
aaronbrown@example.org;ey;clinical embryologist;1.0
aaronbrown@example.org;microsoft;travel agency manager;3.0
aaronbrown@example.org;oracle;environmental manager;5.0
aaronbrown@example.org;procter & gamble;scientist, clinical (histocompatibility and immunogenetics);5.0
aaronbrown@example.org;zoom;probation officer;1.0
abigail73@example.com;twitter;architectural technologist;4.0
abigail75@example.org;american express;librarian, public;2.0
abigail75@example.org;meta;accommodation manager;3.0
abyrd@example.org;walmart;designer, industrial/product;2.0
acostarebecca@example.com;ey;pathologist;1.0
acostarebecca@example.com;jpmorgan chase;information systems manager;2.0
acostarebecca@example.com;merck;research scientist (physical sciences);4.0
acostashannon@example.org;bank of america;records manager;5.0
acostashannon@example.org;hp;legal executive;3.0
acostashannon@example.org;novartis;counsellor;4.0
acostashannon@example.org;tiktok;diplomatic services operational officer;4.0
adrian73@example.com;chevron;international aid/development worker;5.0
adrian73@example.com;nvidia;equality and diversity officer;1.0
adrian73@example.com;oracle;tefl teacher;1.0
adrian73@example.com;siemens;horticultural consultant;2.0
alicia10@example.com;boeing;commissioning editor;4.0
alicia10@example.com;citigroup;fine artist;4.0
alicia10@example.com;morgan stanley;scientist, biomedical;4.0
alicia10@example.com;pfizer;engineer, control and instrumentation;5.0
alicia10@example.com;volkswagen;psychotherapist;4.0
alicia35@example.net;netflix;pension scheme manager;3.0
alicia35@example.net;starbucks;science writer;1.0
alicia35@example.net;stripe;building surveyor;4.0
allenheather@example.net;bank of america;estate manager/land agent;3.0
allenheather@example.net;home depot;chemical engineer;2.0
allenheather@example.net;ibm;animal technologist;3.0
allenheather@example.net;stripe;hospital doctor;2.0
amanda54@example.org;gucci;armed forces operational officer;1.0
amanda54@example.org;paypal;scientist, research (maths);1.0
amanda54@example.org;square;energy manager;5.0
amandaburgess@example.net;deloitte;recycling officer;4.0
amandaburgess@example.net;exxonmobil;development worker, international aid;4.0
amandaburgess@example.net;h&m;event organiser;2.0
amandaburgess@example.net;snapchat;passenger transport manager;3.0
amandaburgess@example.net;spotify;jewellery designer;2.0
amandalynch@example.com;coca-cola;copywriter, advertising;5.0
amandalynch@example.com;lvmh;telecommunications researcher;3.0
amandalynch@example.com;tencent;scientist, research (life sciences);1.0
ambertaylor@example.com;amazon;pharmacist, hospital;2.0
ambertaylor@example.com;dell technologies;sales promotion account executive;5.0
ambertaylor@example.com;salesforce;conservator, furniture;4.0
amyporter@example.com;airbnb;clinical research associate;3.0
amyporter@example.com;pwc;engineer, control and instrumentation;2.0
amyporter@example.com;walmart;charity officer;4.0
amyporter@example.com;zoom;contractor;4.0
amyscott@example.com;merck;corporate investment banker;5.0
amyscott@example.com;meta;armed forces operational officer;2.0
amyscott@example.com;tesla;scientist, biomedical;1.0
andersonlauren@example.com;cisco;armed forces technical officer;5.0
andersonlauren@example.com;kfc;broadcast presenter;2.0
andersonlauren@example.com;moderna;soil scientist;2.0
andrewcarter@example.com;ford;radiation protection practitioner;4.0
andrewcarter@example.com;ibm;teacher, primary school;5.0
andrewcarter@example.com;lockheed martin;therapist, drama;1.0
andrewgarcia@example.net;domino's pizza;scientist, forensic;5.0
andrewgarcia@example.net;gucci;engineer, civil (consulting);4.0
andrewgarcia@example.net;linkedin;education officer, environmental;2.0
angeladixon@example.org;abb;retail merchandiser;4.0
angeladixon@example.org;chanel;therapist, horticultural;3.0
angelaharrison@example.org;samsung;armed forces operational officer;1.0
annalucas@example.com;general motors;chief operating officer;3.0
annalucas@example.com;siemens;chiropodist;1.0
annalucas@example.com;uber;mudlogger;1.0
anthony73@example.com;bank of america;fashion designer;3.0
anthony73@example.com;ey;sales professional, it;3.0
anthony73@example.com;google;research scientist (physical sciences);5.0
anthonyrivera@example.net;general motors;quarry manager;5.0
anthonyrivera@example.net;lockheed martin;optician, dispensing;4.0
anthonyruiz@example.org;exxonmobil;broadcast engineer;1.0
anthonyruiz@example.org;novartis;secretary/administrator;4.0
aprilrodriguez@example.org;general electric;designer, graphic;2.0
aprilrodriguez@example.org;nvidia;ecologist;2.0
aprilrodriguez@example.org;verizon;intelligence analyst;2.0
areyes@example.com;baidu;architectural technologist;5.0
areyes@example.com;linkedin;psychologist, counselling;4.0
areyes@example.com;shopify;social research officer, government;4.0
areyes@example.com;snapchat;ship broker;5.0
armstrongrenee@example.org;stripe;psychologist, clinical;5.0
ashleyholt@example.com;apple;production manager;5.0
ashleyholt@example.com;cisco;dancer;2.0
ashleyholt@example.com;deloitte;learning disability nurse;2.0
ashleyholt@example.com;kfc;horticulturist, commercial;1.0
ashleyjames@example.com;meta;surveyor, quantity;3.0
ashleyjames@example.com;tiktok;cartographer;1.0
asmith@example.net;glaxosmithkline;copy;5.0
atkinsondavid@example.net;abb;sports development officer;1.0
atkinsondavid@example.net;cisco;best boy;4.0
austinellis@example.com;deloitte;personal assistant;5.0
austinellis@example.com;lockheed martin;psychologist, forensic;4.0
baileysherri@example.com;at&t;hydrologist;4.0
barajasjonathan@example.org;accenture;merchant navy officer;4.0
barajasjonathan@example.org;northrop grumman;biomedical scientist;4.0
barajasjonathan@example.org;spotify;warehouse manager;3.0
barbaranewton@example.com;domino's pizza;journalist, newspaper;4.0
barbaranewton@example.com;lvmh;special effects artist;4.0
barbaranewton@example.com;mcdonald's;orthoptist;5.0
barkerjennifer@example.org;boeing;surgeon;1.0
barkerjennifer@example.org;ey;buyer, industrial;5.0
barkerjennifer@example.org;honda;field trials officer;3.0
barrmichael@example.org;accenture;museum/gallery curator;4.0
barrmichael@example.org;deloitte;doctor, general practice;2.0
barrmichael@example.org;pepsico;ambulance person;5.0
barrmichael@example.org;shell;police officer;5.0
barrmichael@example.org;uber;special effects artist;2.0
barrymarsh@example.com;goldman sachs;estate agent;1.0
barrymarsh@example.com;linkedin;leisure centre manager;5.0
barrymarsh@example.com;nestle;runner, broadcasting/film/video;4.0
barrymarsh@example.com;pwc;fisheries officer;1.0
barrymarsh@example.com;verizon;surveyor, hydrographic;4.0
bball@example.org;amazon;publishing copy;5.0
bball@example.org;american express;newspaper journalist;5.0
bball@example.org;ibm;holiday representative;5.0
bball@example.org;morgan stanley;transport planner;4.0
bball@example.org;roche;electronics engineer;4.0
bcraig@example.com;johnson & johnson;theatre director;4.0
bcraig@example.net;general electric;health physicist;3.0
bcraig@example.net;glaxosmithkline;scientist, audiological;5.0
bcraig@example.net;mastercard;pharmacist, community;4.0
benjaminblack@example.com;coca-cola;advertising account executive;4.0
benjaminblack@example.com;general motors;surveyor, planning and development;1.0
benjaminblack@example.com;procter & gamble;legal executive;5.0
benjaminblack@example.com;target;maintenance engineer;4.0
benjaminblack@example.com;zoom;engineer, biomedical;2.0
benjaminrichards@example.net;pepsico;science writer;1.0
benjaminrichards@example.net;qualcomm;analytical chemist;2.0
bgarcia@example.net;airbnb;local government officer;3.0
bgarcia@example.net;shopify;retail merchandiser;2.0
bnelson@example.com;general electric;engineer, civil (consulting);2.0
bnelson@example.com;spacex;radiographer, diagnostic;1.0
bnelson@example.com;uber;ecologist;5.0
boydpeter@example.org;abb;designer, fashion/clothing;2.0
boydpeter@example.org;citigroup;firefighter;3.0
boydpeter@example.org;kfc;event organiser;5.0
boydpeter@example.org;lockheed martin;doctor, general practice;5.0
boydpeter@example.org;nestle;interpreter;5.0
brandongill@example.com;pwc;industrial/product designer;3.0
brandonramirez@example.com;linkedin;youth worker;4.0
brandonramirez@example.com;square;designer, graphic;5.0
brendagonzalez@example.org;johnson & johnson;ophthalmologist;2.0
brianna07@example.com;burger king;water engineer;5.0
brianna07@example.com;chevron;herpetologist;3.0
brianna07@example.com;microsoft;translator;3.0
brianna17@example.org;kfc;designer, furniture;2.0
brianna17@example.org;linkedin;equities trader;4.0
brianna17@example.org;mastercard;psychologist, sport and exercise;3.0
brianna17@example.org;siemens;designer, interior/spatial;5.0
brianrogers@example.com;alibaba;tax inspector;4.0
brianrogers@example.com;general electric;water quality scientist;5.0
brittany49@example.net;costco;veterinary surgeon;4.0
brittany49@example.net;gucci;special effects artist;5.0
brittany49@example.net;shell;research officer, trade union;3.0
brittany49@example.net;square;presenter, broadcasting;3.0
brittany49@example.net;tesla;regulatory affairs officer;3.0
brittanycooper@example.net;general motors;arts development officer;3.0
brittanycooper@example.net;samsung;therapist, drama;3.0
brittanycooper@example.net;zoom;marketing executive;4.0
brittneyfreeman@example.net;ford;homeopath;4.0
brittneykim@example.com;pfizer;phytotherapist;2.0
brookeaustin@example.org;mastercard;ergonomist;3.0
brookeaustin@example.org;nvidia;records manager;1.0
brookeaustin@example.org;spacex;electronics engineer;3.0
butlercory@example.net;adobe;electrical engineer;4.0
butlercory@example.net;northrop grumman;scientist, research (maths);4.0
carl05@example.net;capgemini;exercise physiologist;1.0
carl05@example.net;moderna;air broker;2.0
carl05@example.net;spotify;education officer, museum;3.0
carl05@example.net;volkswagen;investment banker, operational;4.0
carlosramirez@example.com;honda;psychotherapist;3.0
carlosramirez@example.com;samsung;writer;1.0
carlosramirez@example.com;unilever;technical brewer;4.0
carriehutchinson@example.net;general electric;higher education lecturer;4.0
carrollleslie@example.com;deloitte;media planner;3.0
carrollleslie@example.com;intel;social research officer, government;2.0
carrollleslie@example.com;unilever;secretary/administrator;1.0
casejason@example.org;domino's pizza;sports therapist;1.0
casejason@example.org;h&m;claims inspector/assessor;3.0
casejason@example.org;microsoft;media planner;5.0
cassie89@example.org;microsoft;event organiser;3.0
cassie89@example.org;northrop grumman;aeronautical engineer;5.0
cassie89@example.org;samsung;audiological scientist;4.0
catherine77@example.org;citigroup;transport planner;4.0
catherine77@example.org;lowe's;designer, fashion/clothing;1.0
catherine77@example.org;oracle;aid worker;3.0
catherine77@example.org;qualcomm;journalist, broadcasting;2.0
catherine77@example.org;siemens;patent examiner;2.0
chad23@example.org;alibaba;community pharmacist;1.0
chad23@example.org;novartis;hospital doctor;1.0
chad23@example.org;pwc;engineer, energy;4.0
chad23@example.org;zoom;actor;4.0
charles55@example.net;kfc;fish farm manager;4.0
charles55@example.net;paypal;holiday representative;5.0
charles55@example.net;starbucks;art therapist;1.0
chelsea36@example.net;goldman sachs;corporate treasurer;5.0
chelsea36@example.net;pwc;therapist, nutritional;4.0
cholland@example.net;merck;geologist, engineering;5.0
cholland@example.net;nike;broadcast engineer;3.0
cholland@example.net;qualcomm;firefighter;2.0
cholland@example.net;square;film/video editor;2.0
christiankaiser@example.org;morgan stanley;architect;1.0
christiankaiser@example.org;northrop grumman;building surveyor;3.0
christiankaiser@example.org;shopify;armed forces logistics/support/administrative officer;1.0
christiankaiser@example.org;twitter;professor emeritus;4.0
christiankaiser@example.org;wells fargo;estate manager/land agent;4.0
christinafry@example.net;boeing;surveyor, insurance;2.0
christinafry@example.net;kfc;artist;2.0
christinafry@example.net;kpmg;engineer, aeronautical;1.0
christinafry@example.net;verizon;herpetologist;2.0
christine33@example.org;adidas;adult guidance worker;3.0
christine33@example.org;pwc;graphic designer;4.0
christinebennett@example.net;kfc;human resources officer;3.0
christinebennett@example.net;merck;tree surgeon;2.0
christinebennett@example.net;northrop grumman;sports development officer;3.0
christinebennett@example.net;unilever;television/film/video producer;1.0
christinethomas@example.com;siemens;transport planner;5.0
christopher27@example.com;abb;copy;2.0
christopher27@example.com;citigroup;press sub;1.0
christopher27@example.com;qualcomm;youth worker;5.0
christopher27@example.com;twitter;social researcher;3.0
christopher94@example.net;mcdonald's;english as a second language teacher;1.0
christopher94@example.net;totalenergies;customer service manager;3.0
christopher94@example.net;twitter;accountant, chartered management;5.0
christopherbaird@example.org;intel;sub;3.0
christophergutierrez@example.net;coca-cola;accountant, chartered management;5.0
christophergutierrez@example.net;deloitte;engineer, materials;5.0
christophergutierrez@example.net;mcdonald's;paramedic;2.0
christophergutierrez@example.net;morgan stanley;copy;2.0
christophergutierrez@example.net;samsung;sound technician, broadcasting/film/video;3.0
cindy74@example.org;costco;engineer, broadcasting (operations);4.0
cindy74@example.org;square;futures trader;4.0
cindy74@example.org;totalenergies;administrator, sports;4.0
cindy74@example.org;volkswagen;insurance account manager;5.0
cindy74@example.org;zara;recruitment consultant;1.0
cindy97@example.com;apple;medical physicist;5.0
cindy97@example.com;kpmg;metallurgist;4.0
cindy97@example.com;lvmh;production engineer;3.0
cindy97@example.com;novartis;exhibition designer;4.0
cindysharp@example.org;spacex;clinical embryologist;1.0
cjackson@example.net;qualcomm;astronomer;4.0
clarkjill@example.net;alibaba;broadcast engineer;3.0
clarkjill@example.net;boeing;amenity horticulturist;4.0
clarkjill@example.net;johnson & johnson;loss adjuster, chartered;4.0
clarkjill@example.net;lockheed martin;fish farm manager;1.0
clarkstephanie@example.com;pwc;copy;5.0
clarkstephanie@example.com;square;editorial assistant;4.0
claytonwilliams@example.net;citigroup;english as a second language teacher;2.0
claytonwilliams@example.net;hp;surveyor, land/geomatics;5.0
claytonwilliams@example.net;linkedin;risk analyst;3.0
claytonwilliams@example.net;paypal;neurosurgeon;3.0
claytonwilliams@example.net;spotify;market researcher;4.0
clloyd@example.net;volkswagen;chief strategy officer;3.0
cohenalexander@example.org;lockheed martin;chief executive officer;5.0
colleenwall@example.com;chevron;accountant, chartered certified;2.0
colleenwall@example.com;prada;archivist;1.0
colleenwall@example.com;sony;hospital pharmacist;2.0
colleenwall@example.com;twitter;phytotherapist;4.0
colonhayley@example.net;boeing;local government officer;5.0
colonhayley@example.net;nike;naval architect;5.0
colonhayley@example.net;spacex;education administrator;3.0
colonhayley@example.net;verizon;textile designer;1.0
connor24@example.org;accenture;legal secretary;5.0
courtney49@example.org;amazon;administrator, local government;5.0
courtney49@example.org;bp;retail merchandiser;4.0
courtney49@example.org;procter & gamble;copywriter, advertising;3.0
courtney49@example.org;tesla;surgeon;2.0
courtney49@example.org;unilever;land;2.0
courtney75@example.com;verizon;plant breeder/geneticist;3.0
courtneyhiggins@example.org;chanel;immunologist;2.0
courtneyhiggins@example.org;mcdonald's;therapist, occupational;3.0
courtneyhiggins@example.org;northrop grumman;merchandiser, retail;2.0
cowandaniel@example.com;goldman sachs;geochemist;2.0
cowandaniel@example.com;starbucks;dietitian;5.0
coxsusan@example.net;kpmg;learning disability nurse;5.0
crystalsmith@example.net;adobe;pharmacologist;2.0
crystalsmith@example.net;dell technologies;buyer, retail;5.0
crystalsmith@example.net;nvidia;international aid/development worker;1.0
crystalsmith@example.net;sony;dance movement psychotherapist;2.0
cynthia55@example.org;tencent;administrator, arts;1.0
danatorres@example.com;coca-cola;data scientist;3.0
danatorres@example.com;morgan stanley;designer, industrial/product;1.0
danielbernard@example.org;kfc;artist;2.0
danielbernard@example.org;pepsico;electronics engineer;1.0
danieljames@example.com;moderna;designer, industrial/product;1.0
danieljames@example.com;oracle;armed forces operational officer;4.0
danielpowers@example.org;burger king;clinical research associate;4.0
danielpowers@example.org;general electric;commercial art gallery manager;2.0
danielpowers@example.org;verizon;corporate treasurer;3.0
danielpowers@example.org;zoom;chartered loss adjuster;5.0
david59@example.com;honda;production designer, theatre/television/film;2.0
david59@example.com;mcdonald's;surveyor, land/geomatics;3.0
david59@example.com;mercedes-benz;meteorologist;2.0
davidbarker@example.com;alibaba;telecommunications researcher;3.0
davidbarker@example.com;bytedance;ophthalmologist;1.0
davidbarker@example.com;goldman sachs;land;1.0
davidbarker@example.com;honda;it trainer;5.0
davidbarker@example.com;spotify;health and safety adviser;4.0
davidjames@example.com;qualcomm;press sub;5.0
davidoliver@example.com;gucci;public relations account executive;1.0
davidoliver@example.com;tesla;museum education officer;2.0
davidwood@example.org;intel;charity officer;4.0
daviscaroline@example.com;abb;government social research officer;3.0
daviscaroline@example.com;apple;drilling engineer;2.0
daviscaroline@example.com;home depot;engineer, manufacturing;5.0
daviscaroline@example.com;jpmorgan chase;designer, exhibition/display;2.0
daviskenneth@example.com;prada;psychologist, sport and exercise;5.0
dawnrodriguez@example.net;kfc;journalist, newspaper;5.0
dbryan@example.net;dell technologies;nature conservation officer;1.0
dbryan@example.net;oracle;archaeologist;3.0
dbryan@example.net;siemens;comptroller;2.0
dbryan@example.net;walmart;surveyor, minerals;4.0
deborah94@example.net;amazon;data processing manager;3.0
deborah94@example.net;paypal;financial trader;4.0
deborahwilliams@example.com;bank of america;control and instrumentation engineer;5.0
deborahwilliams@example.com;coca-cola;theme park manager;2.0
deborahwilliams@example.com;deloitte;personal assistant;1.0
deborahwilliams@example.com;linkedin;cabin crew;5.0
deborahwilliams@example.com;walmart;therapist, drama;5.0
debra49@example.com;abb;licensed conveyancer;3.0
deniseramirez@example.org;amazon;journalist, magazine;1.0
deniseramirez@example.org;burger king;solicitor;2.0
deniseramirez@example.org;chanel;chief financial officer;2.0
deniseramirez@example.org;northrop grumman;archivist;4.0
deniseramirez@example.org;roche;health and safety adviser;1.0
dennisjo@example.com;general motors;speech and language therapist;4.0
dennisjo@example.com;prada;museum/gallery conservator;3.0
dennisjo@example.com;target;print production planner;1.0
devinklein@example.org;goldman sachs;publishing rights manager;4.0
devinklein@example.org;northrop grumman;sports development officer;1.0
devinklein@example.org;shopify;psychologist, sport and exercise;2.0
dferguson@example.com;adidas;quarry manager;1.0
dferguson@example.com;at&t;secondary school teacher;2.0
dferguson@example.com;general motors;conservation officer, nature;4.0
dferguson@example.com;home depot;electronics engineer;2.0
dferguson@example.com;moderna;agricultural engineer;3.0
dhall@example.org;linkedin;occupational hygienist;3.0
diana83@example.net;ibm;administrator, charities/voluntary organisations;2.0
diana83@example.net;meta;passenger transport manager;2.0
diana83@example.net;novartis;industrial buyer;1.0
diana83@example.net;square;teacher, secondary school;5.0
dianesmith@example.com;adobe;agricultural engineer;2.0
dianesmith@example.com;honda;development worker, community;2.0
dianesmith@example.com;snapchat;printmaker;4.0
dixonbrett@example.org;bmw;animal technologist;5.0
dixonbrett@example.org;ey;clinical cytogeneticist;4.0
dixonbrett@example.org;lockheed martin;human resources officer;4.0
dixonbrett@example.org;mastercard;hospital pharmacist;1.0
dixonbrett@example.org;moderna;doctor, general practice;3.0
donna21@example.org;netflix;corporate investment banker;3.0
donna21@example.org;northrop grumman;editor, magazine features;4.0
donna21@example.org;walmart;pathologist;3.0
donna34@example.com;paypal;toxicologist;3.0
donna34@example.com;spotify;broadcast journalist;5.0
donna34@example.com;target;child psychotherapist;3.0
donna34@example.com;zoom;accountant, chartered certified;3.0
doris30@example.org;cisco;aid worker;5.0
doris30@example.org;pfizer;technical author;4.0
doris30@example.org;pwc;chief marketing officer;2.0
dorothy41@example.org;cisco;financial manager;5.0
dorothy41@example.org;netflix;engineer, manufacturing systems;3.0
dorothy41@example.org;nvidia;theatre director;2.0
douglasbarajas@example.net;accenture;scientist, clinical (histocompatibility and immunogenetics);5.0
douglasbarajas@example.net;amazon;geophysicist/field seismologist;1.0
douglasbarajas@example.net;at&t;astronomer;2.0
douglasbarajas@example.net;exxonmobil;industrial buyer;5.0
douglasbarajas@example.net;kfc;engineer, chemical;3.0
ebrown@example.org;capgemini;surveyor, quantity;4.0
ebrown@example.org;goldman sachs;dramatherapist;4.0
ebrown@example.org;gucci;building control surveyor;1.0
ebrown@example.org;spotify;market researcher;2.0
ebrown@example.org;apple;health service manager;1.0
edrake@example.com;microsoft;accountant, chartered public finance;5.0
edrake@example.com;paypal;education officer, community;4.0
eduncan@example.com;home depot;volunteer coordinator;2.0
eduncan@example.com;kfc;midwife;5.0
eduncan@example.com;merck;civil engineer, contracting;1.0
eduncan@example.com;sony;scientist, biomedical;1.0
eduncan@example.com;totalenergies;customer service manager;1.0
eric73@example.org;novartis;psychotherapist;5.0
eric73@example.org;qualcomm;gaffer;4.0
erica29@example.net;wells fargo;chief executive officer;4.0
erica40@example.net;bank of america;actuary;3.0
erica40@example.net;general electric;product/process development scientist;5.0
erica40@example.net;novartis;engineer, manufacturing;5.0
erica40@example.net;qualcomm;programmer, applications;3.0
erica40@example.net;uber;horticulturist, amenity;1.0
ericyoung@example.org;bytedance;armed forces logistics/support/administrative officer;3.0
ericyoung@example.org;kpmg;minerals surveyor;1.0
ericyoung@example.org;mcdonald's;product/process development scientist;5.0
ericyoung@example.org;qualcomm;metallurgist;1.0
erin94@example.net;chanel;nature conservation officer;5.0
erin94@example.net;home depot;librarian, public;2.0
erin94@example.net;honda;scientist, clinical (histocompatibility and immunogenetics);2.0
erin94@example.net;lowe's;seismic interpreter;4.0
erin94@example.net;lvmh;engineer, maintenance (it);2.0
fcarroll@example.org;amazon;travel agency manager;1.0
fcarroll@example.org;jpmorgan chase;scientist, biomedical;4.0
fcarroll@example.org;tencent;optometrist;5.0
felicia33@example.net;linkedin;scientist, audiological;2.0
felicia33@example.net;lockheed martin;armed forces technical officer;5.0
fergusongabriela@example.org;bp;retail merchandiser;2.0
fergusongabriela@example.org;nike;ergonomist;4.0
fergusongabriela@example.org;oracle;occupational psychologist;3.0
fergusongabriela@example.org;prada;travel agency manager;5.0
fergusongabriela@example.org;twitter;clinical embryologist;4.0
ffuller@example.com;bp;printmaker;5.0
ffuller@example.com;honda;designer, fashion/clothing;4.0
flemingdeborah@example.org;burger king;chiropractor;3.0
flemingdeborah@example.org;shell;research officer, trade union;2.0
fnichols@example.org;shopify;interpreter;4.0
fowlerrobert@example.org;procter & gamble;chief financial officer;3.0
fowlerrobert@example.org;shell;microbiologist;2.0
foxlori@example.com;alibaba;legal executive;1.0
foxlori@example.com;burger king;osteopath;1.0
foxlori@example.com;nestle;holiday representative;2.0
foxlori@example.com;tesla;commissioning editor;4.0
foxlori@example.com;zara;youth worker;5.0
foxmichael@example.com;general motors;administrator, charities/voluntary organisations;1.0
foxmichael@example.com;roche;insurance broker;3.0
frandall@example.net;cisco;ophthalmologist;2.0
frandall@example.net;ford;operational researcher;5.0
frandall@example.net;procter & gamble;physicist, medical;1.0
frankmclean@example.com;alibaba;press sub;3.0
frankmclean@example.com;amazon;forensic psychologist;2.0
frankmclean@example.com;at&t;market researcher;2.0
frankmclean@example.com;ford;glass blower/designer;3.0
frankmclean@example.com;microsoft;nutritional therapist;1.0
garykelly@example.org;baidu;dramatherapist;4.0
garykelly@example.org;spotify;music tutor;5.0
garykelly@example.org;visa;lecturer, further education;5.0
gcruz@example.com;capgemini;therapeutic radiographer;4.0
gcruz@example.com;citigroup;geneticist, molecular;4.0
gcruz@example.com;mcdonald's;estate agent;4.0
gcruz@example.com;uber;chartered public finance accountant;2.0
geoffreygrant@example.com;abb;financial adviser;5.0
geoffreygrant@example.com;burger king;cartographer;5.0
geoffreygrant@example.com;jpmorgan chase;scientist, research (physical sciences);1.0
geoffreygrant@example.com;salesforce;futures trader;1.0
georgerichard@example.org;mastercard;engineer, electrical;4.0
georgerichard@example.org;novartis;teacher, adult education;4.0
gerald87@example.net;home depot;fine artist;4.0
gerald87@example.net;pepsico;engineer, drilling;2.0
geraldpowell@example.net;cisco;special effects artist;1.0
geraldpowell@example.net;lowe's;toxicologist;3.0
geraldpowell@example.net;netflix;arboriculturist;1.0
geraldpowell@example.net;nike;call centre manager;3.0
gibsonsamantha@example.org;kpmg;museum/gallery curator;3.0
gibsonsamantha@example.org;northrop grumman;energy engineer;2.0
gibsonsamantha@example.org;salesforce;volunteer coordinator;1.0
gibsonsamantha@example.org;square;scientist, product/process development;1.0
gilbertamy@example.com;salesforce;charity fundraiser;1.0
gmcclure@example.org;abb;chief operating officer;4.0
gmcclure@example.org;airbnb;land/geomatics surveyor;3.0
gmcclure@example.org;netflix;buyer, industrial;5.0
gmcclure@example.org;nvidia;forensic scientist;4.0
gmcclure@example.org;toyota;diagnostic radiographer;3.0
gonzalezdaniel@example.net;american express;water engineer;1.0
gonzalezdaniel@example.net;zara;chartered certified accountant;3.0
granthaley@example.net;jpmorgan chase;product designer;3.0
grayjillian@example.org;chanel;fish farm manager;3.0
grayjillian@example.org;lockheed martin;development worker, international aid;5.0
grayjillian@example.org;shell;toxicologist;5.0
gregmccall@example.net;jpmorgan chase;radiation protection practitioner;3.0
gregmccall@example.net;netflix;aeronautical engineer;4.0
gregmccall@example.net;visa;financial manager;2.0
gregmccall@example.net;zoom;land/geomatics surveyor;2.0
gregorykathleen@example.org;general electric;optician, dispensing;1.0
gregorykathleen@example.org;mastercard;speech and language therapist;3.0
gregorykathleen@example.org;netflix;health service manager;1.0
gregorykathleen@example.org;tencent;advertising copywriter;2.0
gsimmons@example.net;american express;scientist, research (medical);5.0
gsimmons@example.net;cisco;horticulturist, amenity;2.0
gsimmons@example.net;dell technologies;health promotion specialist;1.0
gsimmons@example.net;general motors;glass blower/designer;1.0
hailey65@example.net;kfc;clinical embryologist;4.0
hailey65@example.net;netflix;accounting technician;5.0
hailey65@example.net;prada;land/geomatics surveyor;1.0
hailey65@example.net;visa;theatre stage manager;4.0
hannah15@example.com;apple;visual merchandiser;4.0
hannah15@example.com;northrop grumman;physiotherapist;5.0
hannah15@example.com;visa;adult guidance worker;5.0
hannah15@example.com;zoom;learning disability nurse;5.0
hberger@example.com;citigroup;financial planner;5.0
hberger@example.com;glaxosmithkline;designer, exhibition/display;3.0
hberger@example.com;meta;local government officer;5.0
hberger@example.com;microsoft;embryologist, clinical;1.0
hduncan@example.net;general motors;research scientist (maths);4.0
hduncan@example.net;home depot;journalist, broadcasting;3.0
hduncan@example.net;kfc;advertising copywriter;5.0
hduncan@example.net;shell;fine artist;3.0
hduncan@example.net;walmart;medical laboratory scientific officer;3.0
hdurham@example.com;baidu;psychiatric nurse;3.0
heather26@example.com;bytedance;health promotion specialist;4.0
heather26@example.com;lvmh;environmental consultant;2.0
heather26@example.com;mcdonald's;magazine journalist;1.0
heather26@example.com;visa;garment/textile technologist;4.0
heatherolsen@example.com;exxonmobil;fast food restaurant manager;3.0
heatherolsen@example.com;nestle;engineer, drilling;4.0
heidiharris@example.org;citigroup;designer, interior/spatial;3.0
heidiharris@example.org;honda;lighting technician, broadcasting/film/video;3.0
heidiharris@example.org;hp;senior tax professional/tax inspector;3.0
heidiharris@example.org;shell;designer, television/film set;3.0
hendersonjoseph@example.net;costco;control and instrumentation engineer;4.0
hendersonjoseph@example.net;ey;clinical psychologist;2.0
hendersonjoseph@example.net;johnson & johnson;sport and exercise psychologist;5.0
hendersonjoseph@example.net;unilever;tourism officer;3.0
hhall@example.net;costco;designer, furniture;1.0
hhall@example.net;ey;producer, radio;3.0
hhall@example.net;lowe's;lighting technician, broadcasting/film/video;5.0
hhall@example.net;novartis;scientist, water quality;2.0
hhunter@example.org;bytedance;physiological scientist;3.0
hhunter@example.org;netflix;pharmacist, hospital;3.0
hhunter@example.org;oracle;systems developer;5.0
hhunter@example.org;roche;civil service fast streamer;3.0
hhunter@example.org;zoom;chartered accountant;3.0
hillmegan@example.org;adidas;hotel manager;2.0
hillmegan@example.org;capgemini;medical technical officer;5.0
hillmegan@example.org;mcdonald's;production engineer;1.0
hillmegan@example.org;samsung;health and safety adviser;5.0
hjackson@example.org;paypal;runner, broadcasting/film/video;5.0
hjackson@example.org;roche;astronomer;1.0
hjackson@example.org;sony;administrator, local government;1.0
hmarshall@example.net;airbnb;armed forces operational officer;5.0
hmarshall@example.net;chevron;teaching laboratory technician;2.0
hmarshall@example.net;citigroup;colour technologist;3.0
hmarshall@example.net;procter & gamble;advertising account executive;5.0
hmitchell@example.org;square;osteopath;5.0
howellsarah@example.org;apple;jewellery designer;5.0
hpierce@example.com;novartis;museum/gallery conservator;1.0
hroberson@example.net;bp;psychologist, educational;4.0
hroberson@example.net;goldman sachs;secretary, company;1.0
hroberson@example.net;procter & gamble;immigration officer;4.0
hroberson@example.net;qualcomm;hotel manager;1.0
hroberson@example.net;salesforce;surveyor, building control;3.0
hsantiago@example.org;bank of america;further education lecturer;5.0
hsantiago@example.org;kpmg;designer, industrial/product;1.0
hstanley@example.net;ey;psychiatric nurse;1.0
hstanley@example.net;general electric;chiropodist;1.0
hstanley@example.net;lowe's;buyer, retail;1.0
hstanley@example.net;tencent;petroleum engineer;1.0
hunterandres@example.net;citigroup;television floor manager;5.0
hwilliams@example.org;prada;electrical engineer;4.0
igates@example.com;lvmh;administrator;3.0
igates@example.com;qualcomm;magazine features editor;4.0
igates@example.com;target;travel agency manager;1.0
ingramdawn@example.com;amazon;pilot, airline;3.0
ingramdawn@example.com;goldman sachs;geneticist, molecular;3.0
ingramdawn@example.com;shell;product designer;4.0
iruiz@example.com;costco;clinical embryologist;2.0
iruiz@example.com;nestle;civil service administrator;4.0
iruiz@example.com;shopify;network engineer;1.0
iruiz@example.com;stripe;paediatric nurse;4.0
iwilliams@example.com;samsung;editor, commissioning;1.0
jacksonjoshua@example.org;domino's pizza;scientific laboratory technician;4.0
jacksonjoshua@example.org;volkswagen;surveyor, building;4.0
jacob58@example.com;goldman sachs;public librarian;4.0
jadegutierrez@example.net;dell technologies;copywriter, advertising;3.0
jadegutierrez@example.net;gucci;ophthalmologist;1.0
jadegutierrez@example.net;jpmorgan chase;herbalist;4.0
james30@example.net;alibaba;community pharmacist;3.0
james30@example.net;exxonmobil;herbalist;4.0
james30@example.net;goldman sachs;advertising copywriter;5.0
james71@example.org;deloitte;psychologist, sport and exercise;4.0
james71@example.org;honda;volunteer coordinator;1.0
james71@example.org;hp;travel agency manager;5.0
james71@example.org;northrop grumman;leisure centre manager;5.0
james82@example.net;gucci;librarian, public;1.0
james82@example.net;mercedes-benz;industrial/product designer;1.0
james82@example.net;merck;copy;1.0
james82@example.net;salesforce;electrical engineer;3.0
jamesjensen@example.com;samsung;research scientist (maths);5.0
jamessanchez@example.org;bytedance;fine artist;1.0
jamessanchez@example.org;general electric;engineer, water;1.0
jamesthomas@example.net;lockheed martin;archaeologist;3.0
jamie15@example.net;accenture;furniture designer;1.0
jamie15@example.net;merck;buyer, industrial;5.0
jamie15@example.net;moderna;conference centre manager;2.0
janet35@example.com;hp;maintenance engineer;3.0
janet35@example.com;mercedes-benz;armed forces logistics/support/administrative officer;4.0
janet35@example.com;microsoft;designer, textile;1.0
janet35@example.com;oracle;archivist;2.0
janet35@example.com;shell;associate professor;4.0
janice54@example.net;oracle;recruitment consultant;2.0
jasmin57@example.org;burger king;careers adviser;1.0
jasonzavala@example.com;goldman sachs;field trials officer;1.0
jasonzavala@example.com;totalenergies;emergency planning/management officer;1.0
jcarter@example.net;johnson & johnson;equities trader;5.0
jcarter@example.net;spotify;freight forwarder;5.0
jeffery64@example.org;bmw;child psychotherapist;2.0
jeffery64@example.org;deloitte;chartered certified accountant;3.0
jeffery64@example.org;target;programmer, applications;1.0
jenkinscynthia@example.com;american express;horticulturist, commercial;4.0
jenkinscynthia@example.com;mcdonald's;health promotion specialist;3.0
jeremiah01@example.net;adidas;local government officer;4.0
jeremiah01@example.net;lvmh;agricultural engineer;4.0
jeremiah01@example.net;procter & gamble;media planner;4.0
jeremiah01@example.net;shell;designer, blown glass/stained glass;5.0
jeremycastro@example.net;at&t;drilling engineer;5.0
jeremycastro@example.net;intel;theatre stage manager;3.0
jeremycastro@example.net;spacex;homeopath;4.0
jeremycastro@example.net;square;conference centre manager;4.0
jesseedwards@example.org;alibaba;accommodation manager;2.0
jesseedwards@example.org;baidu;chief of staff;1.0
jesseedwards@example.org;home depot;associate professor;4.0
jesseedwards@example.org;snapchat;applications developer;2.0
jessicaaustin@example.net;totalenergies;tax adviser;2.0
jessicabrown@example.net;baidu;physicist, medical;4.0
jessicabrown@example.net;domino's pizza;sport and exercise psychologist;1.0
jessicabrown@example.net;novartis;advice worker;5.0
jessicahurley@example.com;bytedance;pharmacist, community;3.0
jessicahurley@example.com;coca-cola;amenity horticulturist;2.0
jessicahurley@example.com;netflix;accountant, chartered public finance;5.0
jessicahurley@example.com;starbucks;general practice doctor;2.0
jessicahurley@example.com;verizon;pathologist;1.0
jessicasmith@example.net;general motors;engineer, automotive;5.0
jill64@example.com;lockheed martin;futures trader;5.0
jill64@example.com;shell;personal assistant;1.0
jjenkins@example.org;adobe;lecturer, higher education;1.0
jjenkins@example.org;airbnb;art therapist;1.0
jjenkins@example.org;costco;engineer, energy;1.0
jjenkins@example.org;totalenergies;merchant navy officer;5.0
jjenkins@example.org;unilever;chiropodist;2.0
john90@example.net;american express;site engineer;2.0
john90@example.net;capgemini;operations geologist;2.0
johnbenton@example.com;general electric;holiday representative;5.0
johnbenton@example.com;pepsico;travel agency manager;5.0
johnbenton@example.com;pwc;therapeutic radiographer;2.0
johnbenton@example.com;spacex;web designer;2.0
johnbenton@example.com;verizon;mechanical engineer;4.0
johnhernandez@example.org;procter & gamble;restaurant manager;2.0
johnhernandez@example.org;shell;clinical biochemist;2.0
johnsonandrew@example.net;glaxosmithkline;teaching laboratory technician;3.0
johnsonandrew@example.net;roche;licensed conveyancer;2.0
johnsondeborah@example.net;ford;airline pilot;5.0
johnsondeborah@example.net;procter & gamble;radio producer;2.0
johnsondeborah@example.net;siemens;occupational hygienist;1.0
johnsonnancy@example.net;microsoft;local government officer;2.0
johnsonnancy@example.net;roche;information systems manager;5.0
johnsonnancy@example.net;unilever;paediatric nurse;4.0
jonathanallen@example.net;merck;programmer, applications;3.0
jonathanallen@example.net;sony;meteorologist;1.0
jordan24@example.org;morgan stanley;engineer, building services;2.0
joshua34@example.net;kpmg;clinical psychologist;1.0
joshua34@example.net;mcdonald's;commercial art gallery manager;1.0
joshua34@example.net;paypal;engineer, electrical;2.0
joshua34@example.net;twitter;restaurant manager;3.0
joshua34@example.net;visa;geographical information systems officer;1.0
joshuawatson@example.net;kfc;prison officer;1.0
joshuawatson@example.net;lockheed martin;probation officer;2.0
jperry@example.net;google;biomedical scientist;4.0
jperry@example.net;kfc;psychotherapist, child;3.0
jperry@example.net;mcdonald's;child psychotherapist;2.0
jperry@example.net;netflix;orthoptist;2.0
jperry@example.net;zara;solicitor, scotland;1.0
jpeters@example.org;costco;building services engineer;4.0
jpeters@example.org;northrop grumman;nurse, adult;1.0
jpeters@example.org;sony;exercise physiologist;5.0
jrodriguez@example.com;american express;leisure centre manager;4.0
jrodriguez@example.com;kpmg;company secretary;1.0
jrodriguez@example.com;linkedin;public relations account executive;5.0
judyevans@example.org;adobe;theatre manager;2.0
juliewarren@example.com;adidas;psychiatrist;3.0
juliewarren@example.com;shell;advertising art director;5.0
juliewarren@example.com;wells fargo;engineer, communications;5.0
karicarter@example.com;deloitte;armed forces training and education officer;5.0
karicarter@example.com;nike;consulting civil engineer;2.0
karicarter@example.com;qualcomm;tourist information centre manager;5.0
karicarter@example.com;tesla;advertising art director;3.0
kathrynprice@example.org;airbnb;information systems manager;1.0
kathrynprice@example.org;target;magazine features editor;5.0
katrinastewart@example.org;linkedin;ecologist;4.0
kayla98@example.com;h&m;clinical research associate;1.0
kayla98@example.com;microsoft;firefighter;4.0
kayla98@example.com;sony;company secretary;2.0
kayla98@example.com;twitter;nurse, children's;3.0
kayla98@example.com;volkswagen;community development worker;2.0
kaylamccall@example.org;bp;pathologist;2.0
kaylamccall@example.org;ibm;bookseller;3.0
kaylamccall@example.org;walmart;administrator, arts;2.0
kaylamoreno@example.net;alibaba;financial risk analyst;1.0
kaylamoreno@example.net;goldman sachs;training and development officer;3.0
kaylamoreno@example.net;gucci;chief financial officer;2.0
kaylamoreno@example.net;honda;pharmacist, hospital;2.0
kblack@example.com;at&t;engineer, materials;4.0
kblack@example.com;gucci;nurse, adult;5.0
kblack@example.com;lockheed martin;engineer, electronics;5.0
kblack@example.com;northrop grumman;psychotherapist;2.0
kdavis@example.net;abb;scientist, audiological;1.0
kdavis@example.net;accenture;soil scientist;5.0
kdavis@example.net;lockheed martin;optometrist;3.0
kdavis@example.net;lowe's;press sub;4.0
kdavis@example.net;morgan stanley;counsellor;3.0
keithgonzalez@example.com;at&t;music tutor;4.0
keithgonzalez@example.com;glaxosmithkline;heritage manager;5.0
keithgonzalez@example.com;meta;mechanical engineer;3.0
keithgonzalez@example.com;netflix;video editor;2.0
kelly93@example.net;deloitte;special educational needs teacher;1.0
kelly93@example.net;ibm;best boy;2.0
kelly93@example.net;northrop grumman;special educational needs teacher;2.0
kellylopez@example.org;burger king;video editor;2.0
kellylopez@example.org;morgan stanley;amenity horticulturist;2.0
kendra83@example.org;salesforce;social researcher;5.0
kendra83@example.org;stripe;hydrographic surveyor;2.0
kenneth77@example.com;domino's pizza;broadcast journalist;3.0
kentandre@example.org;bp;contracting civil engineer;4.0
kentandre@example.org;chevron;trade mark attorney;2.0
kentandre@example.org;general electric;health and safety inspector;1.0
kentandre@example.org;toyota;health promotion specialist;2.0
kevinmarshall@example.net;amazon;further education lecturer;5.0
kevinmarshall@example.net;baidu;equities trader;4.0
kevinmarshall@example.net;burger king;biochemist, clinical;5.0
kevinmarshall@example.net;merck;immigration officer;5.0
kgreen@example.com;domino's pizza;administrator, local government;2.0
kgreen@example.com;lvmh;office manager;4.0
kgreen@example.com;netflix;civil engineer, contracting;5.0
kgreen@example.com;nike;accountant, chartered management;4.0
khayes@example.com;bank of america;colour technologist;1.0
khayes@example.com;general motors;charity officer;4.0
khayes@example.com;oracle;claims inspector/assessor;1.0
khayes@example.com;pfizer;call centre manager;4.0
khayes@example.com;toyota;fine artist;1.0
khorn@example.net;at&t;engineer, drilling;5.0
khorn@example.net;merck;community pharmacist;3.0
khorn@example.net;spotify;radiographer, therapeutic;5.0
kimberlywilliams@example.net;adidas;education administrator;1.0
kimberlywilliams@example.net;bmw;garment/textile technologist;2.0
kimberlywilliams@example.net;costco;manufacturing systems engineer;2.0
knightdenise@example.com;toyota;catering manager;2.0
kristenmiles@example.net;apple;psychologist, forensic;5.0
kristenmiles@example.net;citigroup;music tutor;4.0
kristenmiles@example.net;johnson & johnson;media planner;4.0
kristiedavis@example.com;costco;advertising art director;4.0
kristiedavis@example.com;ford;restaurant manager, fast food;1.0
kristiedavis@example.com;paypal;ergonomist;5.0
kross@example.net;deloitte;industrial buyer;2.0
ksmith@example.org;merck;loss adjuster, chartered;1.0
ksmith@example.org;starbucks;exhibitions officer, museum/gallery;3.0
kyle38@example.com;kfc;visual merchandiser;1.0
kyle38@example.com;shell;armed forces technical officer;1.0
kyle38@example.com;volkswagen;farm manager;3.0
lauraconley@example.org;alibaba;holiday representative;5.0
lauraconley@example.org;boeing;economist;3.0
lauraconley@example.org;visa;passenger transport manager;3.0
lauraconley@example.org;zara;estate manager/land agent;4.0
lcox@example.net;home depot;civil engineer, contracting;2.0
lcox@example.net;square;designer, industrial/product;3.0
leonardjacob@example.net;accenture;industrial/product designer;3.0
leonardjacob@example.net;exxonmobil;charity officer;4.0
leonardjacob@example.net;netflix;designer, television/film set;5.0
leonardjacob@example.net;nvidia;automotive engineer;2.0
leonardjacob@example.net;zara;fashion designer;4.0
leonnicholas@example.com;alibaba;marine scientist;3.0
leonnicholas@example.com;ibm;scientist, physiological;4.0
leonnicholas@example.com;intel;probation officer;2.0
leonnicholas@example.com;morgan stanley;forensic psychologist;3.0
leonnicholas@example.com;totalenergies;therapeutic radiographer;5.0
lewisstephen@example.org;morgan stanley;public house manager;3.0
lindagonzales@example.com;pfizer;english as a foreign language teacher;1.0
lindagonzales@example.com;stripe;theatre stage manager;2.0
lisa53@example.net;netflix;arboriculturist;1.0
lisa53@example.net;pfizer;industrial buyer;1.0
lisaarroyo@example.com;mcdonald's;multimedia specialist;3.0
logan02@example.net;capgemini;engineer, electronics;3.0
logan02@example.net;johnson & johnson;horticultural consultant;2.0
logan02@example.net;meta;journalist, magazine;5.0
logan02@example.net;visa;marketing executive;5.0
logan02@example.net;volkswagen;community education officer;5.0
lorettamack@example.org;kfc;museum/gallery exhibitions officer;1.0
lorettamack@example.org;morgan stanley;education officer, community;1.0
lori37@example.org;h&m;make;1.0
lori37@example.org;shopify;quarry manager;2.0
lori37@example.org;starbucks;paediatric nurse;2.0
lori37@example.org;target;aeronautical engineer;1.0
louischapman@example.org;h&m;chiropractor;5.0
louischapman@example.org;mercedes-benz;scientist, water quality;3.0
louischapman@example.org;netflix;speech and language therapist;5.0
louischapman@example.org;shell;recruitment consultant;1.0
loveluke@example.net;google;town planner;2.0
loveluke@example.net;h&m;materials engineer;5.0
loveluke@example.net;hp;mental health nurse;2.0
loveluke@example.net;shell;glass blower/designer;4.0
loveluke@example.net;verizon;lighting technician, broadcasting/film/video;3.0
lpalmer@example.org;meta;it trainer;3.0
lpalmer@example.org;moderna;music tutor;3.0
lpalmer@example.org;uber;therapist, horticultural;1.0
lramirez@example.net;tiktok;doctor, general practice;5.0
lsanders@example.org;general motors;forensic psychologist;2.0
lsanders@example.org;mercedes-benz;meteorologist;3.0
lsanders@example.org;salesforce;secretary/administrator;3.0
lsanders@example.org;tesla;health and safety adviser;4.0
lsmith@example.net;bp;english as a second language teacher;3.0
lsmith@example.net;bytedance;designer, blown glass/stained glass;3.0
lsmith@example.net;costco;investment banker, corporate;1.0
lsmith@example.net;pfizer;geographical information systems officer;4.0
lynchrodney@example.com;abb;soil scientist;2.0
lynchrodney@example.com;adidas;magazine journalist;3.0
lynn36@example.com;burger king;administrator, civil service;3.0
lynn36@example.com;cisco;soil scientist;5.0
lynn36@example.com;citigroup;lexicographer;4.0
lynn36@example.com;gucci;microbiologist;1.0
madams@example.org;nike;microbiologist;1.0
maddoxcarlos@example.net;glaxosmithkline;engineer, manufacturing;2.0
maddoxcarlos@example.net;pfizer;geologist, wellsite;5.0
maddoxcarlos@example.net;prada;building services engineer;5.0
maddoxcarlos@example.net;spotify;nurse, children's;3.0
maddoxcarlos@example.net;uber;drilling engineer;4.0
mallory33@example.org;goldman sachs;historic buildings inspector/conservation officer;1.0
mallory33@example.org;netflix;bonds trader;4.0
marie11@example.com;wells fargo;management consultant;1.0
mark06@example.com;chevron;scientist, research (maths);4.0
mark06@example.com;ibm;architectural technologist;3.0
mark06@example.com;starbucks;control and instrumentation engineer;2.0
mark16@example.net;costco;optometrist;1.0
mark16@example.net;exxonmobil;exhibitions officer, museum/gallery;5.0
mark16@example.net;moderna;retail banker;1.0
mark16@example.net;pwc;chartered legal executive (england and wales);2.0
martinezbrooke@example.org;domino's pizza;veterinary surgeon;2.0
martinezbrooke@example.org;morgan stanley;herbalist;5.0
martinezbrooke@example.org;square;theatre stage manager;5.0
mary75@example.net;lvmh;travel agency manager;1.0
mary75@example.net;pepsico;child psychotherapist;2.0
mary75@example.net;procter & gamble;sport and exercise psychologist;5.0
marydelacruz@example.com;airbnb;chief of staff;1.0
marydelacruz@example.com;citigroup;cartographer;4.0
marydelacruz@example.com;lockheed martin;insurance account manager;5.0
marydelacruz@example.com;nestle;illustrator;3.0
marydelacruz@example.com;salesforce;volunteer coordinator;5.0
marypowers@example.com;tencent;civil service fast streamer;5.0
masonamanda@example.net;microsoft;armed forces technical officer;5.0
masonamanda@example.net;shell;special educational needs teacher;1.0
masonamanda@example.net;verizon;management consultant;2.0
matthew86@example.net;boeing;charity officer;3.0
matthew86@example.net;qualcomm;oncologist;4.0
max24@example.org;accenture;market researcher;5.0
max24@example.org;shopify;teacher, secondary school;1.0
max24@example.org;twitter;solicitor, scotland;1.0
maxwell39@example.org;h&m;location manager;5.0
maxwell39@example.org;merck;database administrator;1.0
maxwell39@example.org;qualcomm;ship broker;4.0
mccoypatrick@example.com;chevron;therapist, music;1.0
mccoypatrick@example.com;moderna;music tutor;5.0
mccoypatrick@example.com;starbucks;event organiser;5.0
mccoypatrick@example.com;target;psychologist, educational;1.0
mccoypatrick@example.com;visa;retail merchandiser;5.0
megan03@example.org;abb;research officer, government;3.0
megan03@example.org;adobe;landscape architect;5.0
megan03@example.org;nike;general practice doctor;5.0
megan03@example.org;totalenergies;agricultural consultant;4.0
meganhernandez@example.org;verizon;operational investment banker;5.0
melody77@example.net;adobe;waste management officer;3.0
melody77@example.net;shopify;food technologist;4.0
melody77@example.net;spotify;clinical biochemist;2.0
melody77@example.net;twitter;child psychotherapist;1.0
melody77@example.net;uber;information systems manager;4.0
meredithsmith@example.net;exxonmobil;personal assistant;1.0
meredithsmith@example.net;lockheed martin;health visitor;3.0
michael21@example.com;adidas;teacher, english as a foreign language;2.0
michael21@example.com;costco;engineer, site;4.0
michael21@example.com;qualcomm;clinical molecular geneticist;1.0
michael21@example.com;unilever;educational psychologist;3.0
michael36@example.org;alibaba;investment banker, operational;3.0
michael57@example.net;kpmg;audiological scientist;1.0
michael57@example.net;unilever;scientist, physiological;1.0
michael89@example.net;mastercard;financial risk analyst;1.0
michael89@example.net;merck;research scientist (physical sciences);3.0
michael89@example.net;tiktok;lawyer;2.0
michaelasparks@example.net;chevron;biochemist, clinical;2.0
michaelasparks@example.net;cisco;emergency planning/management officer;2.0
michaelasparks@example.net;kpmg;therapist, occupational;2.0
michaelasparks@example.net;netflix;aeronautical engineer;5.0
michaelasparks@example.net;stripe;research scientist (physical sciences);5.0
michele73@example.com;airbnb;interpreter;4.0
michellemason@example.net;goldman sachs;pathologist;4.0
michelleodom@example.org;intel;chief operating officer;5.0
michelleodom@example.org;prada;engineer, petroleum;4.0
michelleodom@example.org;zoom;hydrographic surveyor;1.0
middletondaniel@example.org;jpmorgan chase;garment/textile technologist;5.0
middletondaniel@example.org;nike;health physicist;4.0
middletondaniel@example.org;qualcomm;pathologist;3.0
milesthomas@example.net;lockheed martin;charity officer;3.0
milesthomas@example.net;merck;technical author;3.0
milesthomas@example.net;toyota;surveyor, rural practice;3.0
milesthomas@example.net;zara;claims inspector/assessor;3.0
millermonica@example.com;google;pension scheme manager;1.0
millermonica@example.com;spacex;nurse, learning disability;4.0
mitchelljanice@example.com;capgemini;barrister;5.0
mitchelljanice@example.com;honda;marketing executive;4.0
mitchelljanice@example.com;sony;engineer, structural;2.0
mmurphy@example.org;intel;charity fundraiser;5.0
mmurphy@example.org;kpmg;geochemist;2.0
mmurphy@example.org;mercedes-benz;health service manager;5.0
moonscott@example.com;siemens;communications engineer;5.0
moorelori@example.org;lvmh;social researcher;5.0
moorelori@example.org;salesforce;sales executive;1.0
moorelori@example.org;sony;primary school teacher;2.0
moorerichard@example.org;burger king;museum/gallery conservator;1.0
moorerichard@example.org;citigroup;hydrographic surveyor;2.0
moorerichard@example.org;netflix;television floor manager;1.0
moorerichard@example.org;walmart;programmer, systems;5.0
morrisjeffrey@example.net;adidas;horticulturist, commercial;5.0
morrisjeffrey@example.net;costco;general practice doctor;3.0
morrisjeffrey@example.net;square;architect;4.0
morrisjeffrey@example.net;totalenergies;therapist, art;1.0
morrisjeffrey@example.net;verizon;planning and development surveyor;5.0
morrismichael@example.com;capgemini;medical sales representative;4.0
morrismichael@example.com;ey;ecologist;3.0
morrismichael@example.com;pepsico;applications developer;3.0
morrismichael@example.com;salesforce;brewing technologist;5.0
morrismichael@example.com;stripe;video editor;5.0
mortonlisa@example.com;honda;nurse, learning disability;3.0
mortonlisa@example.com;northrop grumman;actuary;4.0
mortonlisa@example.com;volkswagen;newspaper journalist;2.0
mschaefer@example.org;apple;environmental health practitioner;5.0
mschaefer@example.org;siemens;film/video editor;2.0
mschaefer@example.org;snapchat;horticulturist, commercial;3.0
murphytimothy@example.com;baidu;financial risk analyst;4.0
murphytimothy@example.com;uber;human resources officer;1.0
mzimmerman@example.com;lockheed martin;scientist, biomedical;4.0
mzimmerman@example.com;lowe's;geochemist;4.0
mzimmerman@example.com;lvmh;public affairs consultant;2.0
mzimmerman@example.com;siemens;consulting civil engineer;2.0
mzimmerman@example.com;tesla;operations geologist;2.0
nancy68@example.org;adobe;social researcher;3.0
nancy68@example.org;general electric;engineer, structural;5.0
nancy68@example.org;lockheed martin;oceanographer;3.0
nathaniel96@example.net;apple;logistics and distribution manager;4.0
nathaniel96@example.net;bmw;accountant, chartered;1.0
nathaniel96@example.net;costco;purchasing manager;4.0
nathaniel96@example.net;dell technologies;agricultural engineer;2.0
nathaniel96@example.net;salesforce;chief executive officer;1.0
naustin@example.org;honda;advice worker;1.0
naustin@example.org;procter & gamble;sport and exercise psychologist;2.0
naustin@example.org;starbucks;phytotherapist;1.0
nelsonchristian@example.net;adobe;aid worker;1.0
nelsonchristian@example.net;meta;radiographer, diagnostic;1.0
nelsonchristian@example.net;unilever;sound technician, broadcasting/film/video;1.0
nelsondonna@example.org;apple;accountant, chartered public finance;5.0
nelsondonna@example.org;chanel;magazine journalist;5.0
nelsondonna@example.org;jpmorgan chase;public house manager;4.0
nelsondonna@example.org;mastercard;systems developer;4.0
nelsondonna@example.org;merck;operational researcher;2.0
newtonmegan@example.org;starbucks;seismic interpreter;2.0
newtonsean@example.net;wells fargo;dance movement psychotherapist;4.0
ngomez@example.net;google;immigration officer;2.0
ngomez@example.net;paypal;producer, television/film/video;3.0
nhenson@example.com;burger king;camera operator;2.0
nhenson@example.com;johnson & johnson;video editor;1.0
nhenson@example.com;morgan stanley;physiotherapist;2.0
nhenson@example.com;tiktok;surveyor, land/geomatics;2.0
nicholas80@example.com;baidu;retail buyer;2.0
nicholas80@example.com;kfc;scientist, audiological;1.0
nicholas89@example.org;burger king;administrator;3.0
nicholas89@example.org;chevron;geologist, engineering;1.0
nicholas89@example.org;shopify;risk manager;1.0
nicholas89@example.org;siemens;quality manager;5.0
nicholascarter@example.org;spotify;dentist;4.0
nicholasgonzalez@example.net;abb;homeopath;3.0
nicholasgonzalez@example.net;intel;engineer, site;3.0
nicholasleon@example.org;boeing;investment banker, corporate;1.0
nicholasleon@example.org;general motors;commercial art gallery manager;1.0
nicholasleon@example.org;spacex;clinical cytogeneticist;3.0
nicholasleon@example.org;target;quarry manager;4.0
nicholasleon@example.org;tencent;medical illustrator;3.0
nsilva@example.net;google;engineer, materials;2.0
nsilva@example.net;salesforce;surveyor, minerals;4.0
ofinley@example.org;american express;charity fundraiser;3.0
ofinley@example.org;morgan stanley;engineer, electrical;5.0
ofinley@example.org;unilever;scientist, marine;2.0
ojackson@example.org;accenture;surgeon;2.0
ojackson@example.org;chevron;scientist, research (maths);2.0
ojackson@example.org;domino's pizza;embryologist, clinical;2.0
ojackson@example.org;ford;programme researcher, broadcasting/film/video;3.0
ojackson@example.org;ibm;sports therapist;3.0
oliverstephen@example.org;nestle;volunteer coordinator;4.0
oliverstephen@example.org;siemens;town planner;3.0
olivia88@example.net;bmw;scientist, research (maths);3.0
olivia88@example.net;citigroup;network engineer;3.0
olivia88@example.net;goldman sachs;trade union research officer;1.0
olivia88@example.net;tesla;economist;2.0
olivia88@example.net;wells fargo;editor, magazine features;1.0
omorris@example.net;exxonmobil;barrister's clerk;4.0
omorris@example.net;spacex;therapist, speech and language;2.0
omorris@example.net;twitter;investment banker, operational;2.0
oprice@example.org;cisco;theatre director;2.0
oprice@example.org;domino's pizza;engineer, energy;3.0
oprice@example.org;paypal;print production planner;1.0
oprice@example.org;verizon;artist;2.0
orogers@example.com;gucci;administrator, education;3.0
orosales@example.org;airbnb;brewing technologist;4.0
orosales@example.org;bmw;nurse, mental health;5.0
orosales@example.org;procter & gamble;proofreader;3.0
orosales@example.org;shopify;fine artist;1.0
orosales@example.org;starbucks;estate agent;3.0
oscarstark@example.org;ibm;sales executive;1.0
oscarstark@example.org;tencent;it technical support officer;2.0
oscarstark@example.org;volkswagen;english as a foreign language teacher;1.0
owensjeremy@example.net;apple;water quality scientist;2.0
owensjeremy@example.net;novartis;insurance claims handler;4.0
owensjeremy@example.net;paypal;hydrographic surveyor;4.0
palmercassandra@example.net;meta;scientist, product/process development;5.0
palmercassandra@example.net;samsung;web designer;3.0
palmercassandra@example.net;square;technical author;3.0
patrickschneider@example.com;northrop grumman;human resources officer;3.0
patrickschneider@example.com;target;surveyor, hydrographic;3.0
paul53@example.org;nvidia;network engineer;4.0
paul53@example.org;samsung;midwife;1.0
paul53@example.org;shopify;mining engineer;2.0
paula36@example.net;adobe;environmental health practitioner;1.0
paula36@example.net;boeing;actor;1.0
paula36@example.net;costco;teacher, adult education;3.0
paula36@example.net;totalenergies;therapist, occupational;4.0
paula75@example.com;bmw;radio broadcast assistant;4.0
paula75@example.com;google;cartographer;2.0
paula75@example.com;square;police officer;1.0
paula75@example.com;tencent;occupational therapist;1.0
penavanessa@example.net;exxonmobil;editorial assistant;3.0
penavanessa@example.net;intel;press sub;1.0
penavanessa@example.net;novartis;occupational psychologist;2.0
penavanessa@example.net;qualcomm;plant breeder/geneticist;1.0
penavanessa@example.net;samsung;horticultural consultant;1.0
perezjason@example.net;citigroup;interpreter;2.0
perezjason@example.net;google;speech and language therapist;1.0
perezjason@example.net;nestle;ophthalmologist;5.0
perezjason@example.net;nike;economist;2.0
perezjason@example.net;procter & gamble;soil scientist;4.0
petersenandrew@example.net;totalenergies;operational investment banker;5.0
petersenyvonne@example.net;intel;psychologist, counselling;2.0
petersenyvonne@example.net;spotify;midwife;4.0
petersenyvonne@example.net;target;social research officer, government;4.0
pgilbert@example.org;abb;research scientist (life sciences);4.0
pgilbert@example.org;amazon;programmer, multimedia;5.0
pgilbert@example.org;ford;surveyor, building;5.0
pgilbert@example.org;kpmg;publishing copy;5.0
pgilbert@example.org;tiktok;it trainer;2.0
phillipmartinez@example.com;at&t;patent examiner;2.0
phillipmartinez@example.com;citigroup;building control surveyor;4.0
phillipmartinez@example.com;ibm;surveyor, minerals;2.0
pmartinez@example.com;capgemini;operations geologist;1.0
pmartinez@example.com;ford;herbalist;5.0
pmartinez@example.com;intel;plant breeder/geneticist;3.0
pmartinez@example.com;roche;geologist, wellsite;4.0
pmartinez@example.com;wells fargo;public affairs consultant;5.0
poncecarolyn@example.net;abb;immunologist;3.0
poncecarolyn@example.net;gucci;airline pilot;3.0
poncecarolyn@example.net;salesforce;psychologist, sport and exercise;5.0
popepaul@example.net;deloitte;administrator, civil service;5.0
popepaul@example.net;gucci;scientist, forensic;5.0
popepaul@example.net;salesforce;copy;5.0
popepaul@example.net;twitter;production assistant, television;1.0
powelljean@example.com;glaxosmithkline;animal technologist;4.0
powelljean@example.com;mercedes-benz;it consultant;3.0
powelljean@example.com;prada;surgeon;4.0
powelljean@example.com;square;administrator, arts;4.0
privera@example.org;baidu;biomedical engineer;1.0
privera@example.org;bp;banker;4.0
privera@example.org;chanel;estate agent;5.0
privera@example.org;siemens;art therapist;1.0
privera@example.org;sony;therapist, occupational;1.0
pruiz@example.com;chanel;financial manager;3.0
pruiz@example.com;general motors;land/geomatics surveyor;3.0
pruiz@example.com;unilever;gaffer;3.0
psmith@example.org;kpmg;publishing rights manager;3.0
psmith@example.org;snapchat;local government officer;2.0
psmith@example.org;starbucks;designer, multimedia;2.0
qelliott@example.org;bp;psychologist, clinical;4.0
qelliott@example.org;mercedes-benz;exercise physiologist;3.0
qelliott@example.org;pwc;homeopath;5.0
qherrera@example.com;nestle;exhibition designer;5.0
rebeccazavala@example.org;exxonmobil;therapeutic radiographer;1.0
rebeccazavala@example.org;mcdonald's;set designer;4.0
rebeccazavala@example.org;unilever;environmental manager;1.0
rhonda87@example.net;domino's pizza;librarian, public;1.0
rhondadixon@example.com;accenture;communications engineer;2.0
rhondadixon@example.com;ibm;civil service fast streamer;4.0
rhondadixon@example.com;netflix;dietitian;3.0
rhondadixon@example.com;oracle;international aid/development worker;2.0
rhondadixon@example.com;tesla;statistician;4.0
ricardo77@example.net;verizon;pharmacologist;4.0
richard22@example.com;spotify;energy manager;2.0
richardkelly@example.net;at&t;tax inspector;1.0
richardkelly@example.net;lvmh;proofreader;4.0
richardkelly@example.net;nike;retail manager;2.0
richardkelly@example.net;shopify;music therapist;5.0
robert03@example.org;general electric;ranger/warden;4.0
robert03@example.org;goldman sachs;scientist, product/process development;5.0
robert03@example.org;oracle;race relations officer;5.0
robert03@example.org;samsung;therapist, drama;3.0
robert03@example.org;siemens;landscape architect;1.0
robert22@example.org;lowe's;engineer, communications;5.0
robert22@example.org;qualcomm;lexicographer;2.0
robert22@example.org;verizon;industrial/product designer;5.0
robert38@example.com;coca-cola;clinical cytogeneticist;2.0
robert38@example.com;mastercard;chemist, analytical;5.0
robertquinn@example.com;h&m;dance movement psychotherapist;2.0
robertquinn@example.com;hp;publishing copy;2.0
robertquinn@example.com;netflix;stage manager;3.0
robertquinn@example.com;salesforce;programmer, applications;2.0
robertquinn@example.com;volkswagen;software engineer;5.0
robertsaustin@example.net;bp;surveyor, minerals;3.0
robertsaustin@example.net;chanel;administrator, local government;5.0
robertsaustin@example.net;google;magazine features editor;2.0
robertsaustin@example.net;novartis;teacher, early years/pre;4.0
robertsaustin@example.net;tesla;horticulturist, commercial;3.0
robertschmidt@example.net;adidas;radiographer, diagnostic;4.0
robertschmidt@example.net;citigroup;optician, dispensing;1.0
robertsonnathan@example.org;citigroup;mining engineer;2.0
robertsonnathan@example.org;domino's pizza;medical laboratory scientific officer;2.0
robertsonnathan@example.org;oracle;producer, radio;3.0
robertsonnathan@example.org;prada;engineer, materials;4.0
robertsonnathan@example.org;totalenergies;gaffer;2.0
rodneyrichardson@example.com;google;textile designer;3.0
rodneyrichardson@example.com;pepsico;dietitian;1.0
rodneyrichardson@example.com;square;engineer, agricultural;5.0
rodneyrichardson@example.com;target;plant breeder/geneticist;5.0
rrodriguez@example.net;at&t;armed forces logistics/support/administrative officer;4.0
rrodriguez@example.net;pepsico;librarian, academic;5.0
rrodriguez@example.net;starbucks;armed forces operational officer;4.0
rsmith@example.com;at&t;ergonomist;3.0
rsmith@example.com;bp;editorial assistant;5.0
rsmith@example.com;honda;merchant navy officer;3.0
rsmith@example.com;linkedin;scientist, research (physical sciences);1.0
rsmith@example.com;novartis;forensic scientist;2.0
rubenharris@example.com;google;engineer, agricultural;2.0
rubenharris@example.com;pepsico;geologist, wellsite;2.0
rushamanda@example.net;at&t;engineer, site;5.0
rushamanda@example.net;deloitte;psychologist, sport and exercise;2.0
rushamanda@example.net;mercedes-benz;microbiologist;2.0
rushamanda@example.net;tencent;environmental health practitioner;2.0
ryan78@example.org;bytedance;proofreader;2.0
ryan78@example.org;square;engineer, biomedical;5.0
ryan78@example.org;twitter;furniture designer;5.0
ryan78@example.org;visa;broadcast presenter;3.0
samuelmarquez@example.net;chevron;programmer, systems;2.0
sanchezjoyce@example.org;alibaba;chief technology officer;4.0
sanchezjoyce@example.org;hp;tourism officer;5.0
sanchezjoyce@example.org;procter & gamble;counselling psychologist;2.0
sanchezjoyce@example.org;tesla;architectural technologist;2.0
sanchezjoyce@example.org;twitter;claims inspector/assessor;1.0
saragraves@example.org;ibm;psychiatric nurse;2.0
saragraves@example.org;microsoft;merchandiser, retail;3.0
saragraves@example.org;paypal;music tutor;5.0
savagemichael@example.net;chevron;biomedical scientist;1.0
savagemichael@example.net;shopify;interpreter;1.0
savagemichael@example.net;totalenergies;animal technologist;2.0
savagemichael@example.net;zara;town planner;3.0
savannahsoto@example.net;cisco;personnel officer;5.0
savannahsoto@example.net;dell technologies;investment banker, corporate;4.0
savannahsoto@example.net;gucci;adult guidance worker;3.0
savannahsoto@example.net;kpmg;commercial art gallery manager;3.0
savannahsoto@example.net;uber;engineer, maintenance (it);3.0
sawyersamuel@example.com;baidu;software engineer;3.0
sawyersamuel@example.com;linkedin;research officer, political party;5.0
sawyersamuel@example.com;nestle;engineer, production;1.0
sawyersamuel@example.com;salesforce;buyer, retail;1.0
sawyersamuel@example.com;spacex;biochemist, clinical;3.0
sbrown@example.net;intel;land;5.0
sbrown@example.net;moderna;animal technologist;1.0
sbrown@example.org;deloitte;product manager;3.0
sbrown@example.org;h&m;radiographer, therapeutic;3.0
sbrown@example.org;netflix;surveyor, mining;4.0
sbrown@example.org;twitter;secretary, company;2.0
schroederdavid@example.com;lowe's;horticultural consultant;2.0
schroederdavid@example.com;moderna;scientist, research (maths);5.0
schroederdavid@example.com;oracle;speech and language therapist;2.0
schroederdavid@example.com;tesla;chartered certified accountant;1.0
schroederdavid@example.com;toyota;therapist, drama;3.0
scotthill@example.com;bp;buyer, retail;2.0
scottmccall@example.com;pepsico;engineer, chemical;5.0
scottmccall@example.com;twitter;exhibitions officer, museum/gallery;2.0
scottzimmerman@example.net;johnson & johnson;engineer, electrical;5.0
scottzimmerman@example.net;lockheed martin;investment banker, operational;3.0
scottzimmerman@example.net;moderna;archivist;5.0
scottzimmerman@example.net;paypal;scientist, research (physical sciences);1.0
scottzimmerman@example.net;shopify;museum/gallery exhibitions officer;5.0
seanross@example.com;oracle;advertising copywriter;4.0
seanross@example.com;shell;web designer;5.0
seanross@example.com;unilever;geneticist, molecular;4.0
serranomitchell@example.net;home depot;event organiser;4.0
serranomitchell@example.net;nvidia;chartered management accountant;5.0
seth24@example.org;capgemini;health and safety adviser;1.0
seth24@example.org;home depot;art gallery manager;1.0
seth24@example.org;johnson & johnson;acupuncturist;5.0
shannonharmon@example.com;nvidia;consulting civil engineer;5.0
shawnpayne@example.com;deloitte;lecturer, higher education;3.0
shawnpayne@example.com;general electric;water engineer;3.0
shawnpayne@example.com;salesforce;therapist, horticultural;5.0
shawnpayne@example.com;siemens;medical sales representative;3.0
shawnpayne@example.com;unilever;logistics and distribution manager;2.0
shelby91@example.com;adidas;arts development officer;4.0
shelby91@example.com;coca-cola;immigration officer;1.0
shelby91@example.com;h&m;advertising account executive;5.0
shelby91@example.com;toyota;civil engineer, contracting;3.0
shelly02@example.net;abb;occupational psychologist;2.0
shelly02@example.net;samsung;seismic interpreter;3.0
sheri00@example.org;lowe's;clinical molecular geneticist;5.0
sheri00@example.org;pfizer;writer;4.0
sheri00@example.org;procter & gamble;retail manager;4.0
sheri00@example.org;square;pensions consultant;3.0
sierrasmith@example.com;moderna;air traffic controller;2.0
sierrasmith@example.com;novartis;english as a second language teacher;1.0
sierrasmith@example.com;stripe;systems developer;2.0
sierrasmith@example.com;tiktok;newspaper journalist;3.0
sierrasmith@example.com;unilever;secretary, company;1.0
simpsoncody@example.org;capgemini;nurse, children's;5.0
smcdowell@example.net;lowe's;sports development officer;5.0
smithalexandra@example.org;bank of america;public relations account executive;1.0
smithalexandra@example.org;jpmorgan chase;biomedical engineer;4.0
smithalexandra@example.org;nike;multimedia programmer;1.0
smithalexandra@example.org;shell;engineer, structural;2.0
smithalexandra@example.org;zara;secretary, company;3.0
smithamanda@example.org;general electric;trading standards officer;5.0
smithamanda@example.org;honda;trade union research officer;5.0
smithamanda@example.org;twitter;commercial horticulturist;2.0
smithmargaret@example.net;kpmg;it consultant;3.0
smithmargaret@example.net;shell;tax adviser;2.0
smithmargaret@example.net;tiktok;geologist, wellsite;4.0
smithmark@example.net;pepsico;theatre manager;5.0
smithmark@example.net;shell;advertising account executive;4.0
smithsuzanne@example.net;american express;broadcast presenter;5.0
smithsuzanne@example.net;general electric;therapist, drama;5.0
smithtammy@example.net;adobe;special effects artist;3.0
smithtammy@example.net;morgan stanley;surveyor, insurance;3.0
smithtammy@example.net;pfizer;manufacturing systems engineer;3.0
staceyrichardson@example.org;american express;fisheries officer;3.0
staceyrichardson@example.org;bytedance;secondary school teacher;3.0
staceyrichardson@example.org;hp;graphic designer;5.0
staceyrichardson@example.org;prada;restaurant manager, fast food;3.0
staceyrichardson@example.org;visa;engineer, building services;3.0
stephaniewalker@example.org;dell technologies;geophysicist/field seismologist;4.0
stephaniewalker@example.org;h&m;water quality scientist;3.0
stevenburton@example.net;ey;psychiatrist;4.0
stevenburton@example.net;wells fargo;conservation officer, nature;3.0
suemunoz@example.org;citigroup;catering manager;1.0
suemunoz@example.org;hp;surveyor, hydrographic;5.0
suemunoz@example.org;procter & gamble;proofreader;4.0
suemunoz@example.org;shopify;fitness centre manager;5.0
suemunoz@example.org;tesla;retail banker;2.0
summersmith@example.org;abb;nurse, learning disability;3.0
summersmith@example.org;bp;secretary/administrator;3.0
summersmith@example.org;roche;hydrographic surveyor;2.0
summersmith@example.org;tiktok;geologist, engineering;5.0
syates@example.com;coca-cola;physicist, medical;3.0
syates@example.com;general motors;actor;4.0
syates@example.com;nike;dentist;2.0
syates@example.com;pepsico;town planner;1.0
syates@example.com;pwc;mechanical engineer;5.0
tamara53@example.net;bytedance;environmental health practitioner;4.0
tamara53@example.net;linkedin;police officer;3.0
tamara53@example.net;verizon;charity fundraiser;4.0
tamaramoran@example.net;chanel;geologist, wellsite;4.0
tamaramoran@example.net;exxonmobil;acupuncturist;2.0
tamaramoran@example.net;prada;engineer, control and instrumentation;1.0
tamaramoran@example.net;sony;therapist, art;3.0
tammy20@example.org;bp;jewellery designer;1.0
tammy20@example.org;microsoft;make;3.0
tammy36@example.com;spotify;police officer;1.0
taylorsteven@example.org;abb;surveyor, quantity;5.0
taylorsteven@example.org;american express;immigration officer;4.0
taylorsteven@example.org;meta;further education lecturer;3.0
taylorsteven@example.org;tencent;catering manager;3.0
tbradshaw@example.org;mastercard;producer, television/film/video;3.0
tbradshaw@example.org;wells fargo;geophysicist/field seismologist;2.0
terrence30@example.net;lowe's;graphic designer;1.0
terricochran@example.com;domino's pizza;special educational needs teacher;4.0
terricochran@example.com;qualcomm;multimedia specialist;5.0
tevans@example.net;citigroup;building services engineer;3.0
tevans@example.net;novartis;primary school teacher;3.0
tevans@example.net;qualcomm;community development worker;4.0
tgreen@example.net;nvidia;clinical cytogeneticist;1.0
tgreen@example.net;pfizer;gaffer;2.0
tgreen@example.net;roche;scientist, water quality;2.0
tgreen@example.net;target;surveyor, mining;2.0
thomasmichael@example.org;bank of america;embryologist, clinical;2.0
thomasmichael@example.org;deloitte;advertising account executive;3.0
thomasmichael@example.org;exxonmobil;teacher, special educational needs;3.0
thomasmichael@example.org;mercedes-benz;armed forces logistics/support/administrative officer;4.0
thomasmichael@example.org;morgan stanley;furniture designer;5.0
thompsonmichael@example.com;adidas;operations geologist;2.0
thompsonmichael@example.com;mastercard;chief marketing officer;2.0
thompsonmichael@example.com;uber;surveyor, building;5.0
thudson@example.com;nestle;solicitor, scotland;4.0
tiffanygonzalez@example.net;apple;dispensing optician;1.0
tiffanygonzalez@example.net;general electric;multimedia specialist;4.0
tiffanygonzalez@example.net;general motors;food technologist;1.0
tiffanygonzalez@example.net;microsoft;community development worker;3.0
tiffanygonzalez@example.net;wells fargo;social researcher;2.0
tiffanykirby@example.net;johnson & johnson;surveyor, minerals;2.0
tiffanykirby@example.net;qualcomm;public affairs consultant;2.0
tiffanykirby@example.net;target;art therapist;5.0
tina09@example.com;goldman sachs;warden/ranger;4.0
tina09@example.com;zara;financial adviser;4.0
tleonard@example.org;adobe;copywriter, advertising;2.0
tmorgan@example.com;dell technologies;housing manager/officer;2.0
tmorgan@example.com;nestle;public relations officer;3.0
tmorgan@example.com;nike;learning disability nurse;4.0
tmorgan@example.com;target;corporate treasurer;3.0
todd36@example.org;home depot;tour manager;3.0
todd36@example.org;johnson & johnson;therapist, sports;5.0
todd36@example.org;kpmg;licensed conveyancer;5.0
todd36@example.org;moderna;embryologist, clinical;4.0
todd36@example.org;nestle;education officer, community;3.0
toddrobert@example.org;chanel;advertising art director;4.0
toddrobert@example.org;lowe's;financial trader;2.0
toni13@example.org;procter & gamble;surveyor, insurance;5.0
toni13@example.org;qualcomm;scientist, research (medical);4.0
townsendmark@example.net;ibm;location manager;2.0
townsendmark@example.net;roche;sports coach;1.0
townsendmark@example.net;spacex;call centre manager;4.0
townsendmark@example.net;square;technical brewer;1.0
townsendmark@example.net;verizon;camera operator;2.0
traceyneal@example.net;baidu;chiropodist;1.0
traceyneal@example.net;costco;special effects artist;1.0
traceyneal@example.net;lowe's;sales executive;5.0
traceyneal@example.net;square;psychotherapist, dance movement;1.0
traceyneal@example.net;verizon;radiographer, therapeutic;2.0
triley@example.com;hp;programmer, multimedia;5.0
triley@example.com;northrop grumman;electrical engineer;4.0
triley@example.com;shopify;journalist, broadcasting;3.0
troy57@example.com;chanel;building services engineer;4.0
tryan@example.org;airbnb;civil service fast streamer;3.0
tstewart@example.com;coca-cola;immigration officer;5.0
tstewart@example.com;mastercard;midwife;2.0
tstewart@example.com;roche;accountant, chartered management;5.0
tstewart@example.com;target;recycling officer;1.0
tstewart@example.com;walmart;software engineer;4.0
tuckercrystal@example.org;roche;financial manager;1.0
tuckercrystal@example.org;unilever;administrator, sports;2.0
tuckermatthew@example.net;procter & gamble;mental health nurse;3.0
tuckermatthew@example.net;zara;marine scientist;5.0
tylerdavid@example.org;apple;outdoor activities/education manager;4.0
tylerdavid@example.org;mastercard;engineer, electrical;3.0
tylerdavid@example.org;square;secretary/administrator;2.0
ucruz@example.com;lvmh;barrister's clerk;4.0
uharper@example.org;american express;architect;3.0
uharper@example.org;at&t;sports therapist;2.0
uharper@example.org;chanel;air traffic controller;3.0
uharper@example.org;microsoft;nurse, mental health;5.0
uharper@example.org;starbucks;clinical cytogeneticist;5.0
uhill@example.net;ibm;museum/gallery curator;5.0
uhill@example.net;pfizer;advertising account planner;1.0
umoss@example.com;domino's pizza;scientific laboratory technician;1.0
underwoodtina@example.net;airbnb;intelligence analyst;1.0
underwoodtina@example.net;boeing;lecturer, further education;4.0
underwoodtina@example.net;ford;travel agency manager;2.0
underwoodtina@example.net;kfc;animal nutritionist;3.0
uneal@example.com;bmw;sub;4.0
usanchez@example.net;general motors;advertising art director;1.0
usanchez@example.net;h&m;psychotherapist;1.0
usanchez@example.net;nike;surveyor, quantity;3.0
ushelton@example.com;deloitte;special effects artist;3.0
ushelton@example.com;netflix;engineer, drilling;4.0
ushelton@example.com;nike;english as a foreign language teacher;2.0
ushelton@example.com;procter & gamble;travel agency manager;4.0
ushelton@example.com;spotify;research scientist (physical sciences);2.0
uvargas@example.net;bmw;science writer;2.0
uvargas@example.net;costco;writer;1.0
uvargas@example.net;zoom;psychologist, prison and probation services;3.0
uwilliams@example.org;adobe;international aid/development worker;2.0
uwilliams@example.org;paypal;air cabin crew;2.0
uwilliams@example.org;shell;journalist, magazine;2.0
uwilliams@example.org;tesla;development worker, community;4.0
vanessabowen@example.org;airbnb;agricultural consultant;1.0
vanessabowen@example.org;american express;psychologist, educational;4.0
vanessabowen@example.org;novartis;research officer, political party;5.0
vanessabowen@example.org;prada;chemist, analytical;5.0
vclayton@example.org;bank of america;engineer, aeronautical;5.0
vclayton@example.org;hp;journalist, magazine;4.0
vclayton@example.org;novartis;biomedical scientist;2.0
vdavis@example.org;bank of america;optometrist;5.0
vdavis@example.org;novartis;patent attorney;4.0
vdavis@example.org;spacex;lighting technician, broadcasting/film/video;3.0
vdavis@example.org;totalenergies;producer, radio;1.0
vdavis@example.org;walmart;ambulance person;1.0
vgonzalez@example.com;abb;surveyor, quantity;3.0
vgonzalez@example.com;home depot;advertising account planner;4.0
vgonzalez@example.com;totalenergies;financial manager;1.0
vharvey@example.net;domino's pizza;engineer, production;1.0
vharvey@example.net;johnson & johnson;accountant, chartered management;3.0
vharvey@example.net;moderna;personal assistant;3.0
vharvey@example.net;nvidia;engineer, electronics;4.0
vharvey@example.net;toyota;engineer, technical sales;5.0
virginiaboyd@example.com;adobe;prison officer;5.0
virginiaboyd@example.com;ey;customer service manager;4.0
virginiaboyd@example.com;spotify;animal technologist;3.0
virginiaboyd@example.com;twitter;multimedia specialist;3.0
vlynch@example.com;capgemini;designer, jewellery;2.0
vlynch@example.com;intel;proofreader;3.0
vlynch@example.com;johnson & johnson;careers adviser;5.0
vlynch@example.com;verizon;clinical cytogeneticist;3.0
walkerdavid@example.net;nike;accountant, chartered public finance;2.0
walkerdavid@example.net;northrop grumman;dramatherapist;2.0
walkerdavid@example.net;tencent;marketing executive;4.0
walkerdavid@example.net;visa;agricultural engineer;3.0
walkerdavid@example.net;walmart;commercial/residential surveyor;3.0
walkerlaura@example.com;chevron;forensic scientist;3.0
walkerlaura@example.com;general electric;contracting civil engineer;5.0
walkerlaura@example.com;sony;technical brewer;4.0
waltersandrea@example.org;moderna;architect;4.0
watersdaniel@example.net;apple;data scientist;1.0
watersdaniel@example.net;linkedin;aid worker;2.0
watersdaniel@example.net;tiktok;designer, ceramics/pottery;2.0
watersdaniel@example.net;unilever;museum education officer;4.0
watkinsashley@example.org;ey;scientist, research (medical);2.0
watsonjoshua@example.net;google;exhibition designer;4.0
watsonjoshua@example.net;honda;network engineer;4.0
watsonjoshua@example.net;hp;english as a second language teacher;4.0
watsonjoshua@example.net;sony;technical sales engineer;5.0
wendycoleman@example.com;bank of america;television floor manager;1.0
wendycoleman@example.com;mastercard;engineer, petroleum;2.0
wendycoleman@example.com;netflix;designer, graphic;2.0
wendysteele@example.org;alibaba;oceanographer;2.0
wendysteele@example.org;general electric;engineer, drilling;3.0
wendysteele@example.org;intel;magazine features editor;3.0
wendysteele@example.org;procter & gamble;transport planner;2.0
wendysteele@example.org;stripe;print production planner;3.0
wheelermariah@example.org;snapchat;outdoor activities/education manager;5.0
wheelermariah@example.org;spacex;physicist, medical;2.0
wheelermariah@example.org;walmart;trade mark attorney;4.0
whitejacqueline@example.com;home depot;armed forces training and education officer;3.0
whitejacqueline@example.com;lowe's;town planner;2.0
whitejacqueline@example.com;mcdonald's;comptroller;2.0
william88@example.org;kfc;teacher, secondary school;2.0
william88@example.org;nvidia;chemical engineer;5.0
william88@example.org;unilever;scientist, marine;3.0
williamharris@example.org;dell technologies;air traffic controller;1.0
williammartin@example.com;linkedin;catering manager;3.0
williammartin@example.com;meta;merchant navy officer;5.0
williamsalexis@example.org;accenture;orthoptist;2.0
williamsalexis@example.org;gucci;musician;4.0
williamsalexis@example.org;moderna;community education officer;1.0
williamsalyssa@example.net;jpmorgan chase;video editor;1.0
williamsalyssa@example.net;spacex;surveyor, quantity;5.0
williamsalyssa@example.net;tencent;surveyor, mining;5.0
williamsmith@example.net;adidas;optometrist;5.0
williamsmith@example.net;kfc;travel agency manager;3.0
williamsmith@example.net;nvidia;trading standards officer;5.0
woodkenneth@example.org;ford;amenity horticulturist;2.0
woodkenneth@example.org;general motors;accommodation manager;2.0
wpark@example.com;tiktok;ecologist;2.0
wpark@example.com;uber;operations geologist;2.0
wrightkathleen@example.com;costco;manufacturing systems engineer;2.0
wrightkathleen@example.com;general electric;early years teacher;4.0
wrightkathleen@example.com;prada;physiotherapist;5.0
wrightkathleen@example.com;twitter;private music teacher;5.0
wswanson@example.net;goldman sachs;investment banker, operational;1.0
wswanson@example.net;paypal;television production assistant;2.0
wwalters@example.com;bmw;financial risk analyst;1.0
wwalters@example.com;intel;medical laboratory scientific officer;2.0
wwalters@example.com;johnson & johnson;risk analyst;3.0
wwalters@example.com;meta;aid worker;4.0
wwalters@example.com;walmart;risk analyst;4.0
xcarter@example.org;abb;surveyor, mining;4.0
xcarter@example.org;linkedin;tree surgeon;5.0
xcarter@example.org;tiktok;secretary/administrator;4.0
xerickson@example.net;airbnb;librarian, academic;2.0
xerickson@example.net;citigroup;gaffer;3.0
xerickson@example.net;ford;horticultural therapist;1.0
xerickson@example.net;mcdonald's;health service manager;5.0
xerickson@example.net;mercedes-benz;sound technician, broadcasting/film/video;2.0
xstephens@example.org;abb;air broker;4.0
xstephens@example.org;home depot;chief financial officer;3.0
xstephens@example.org;nestle;seismic interpreter;2.0
xstephens@example.org;nike;petroleum engineer;1.0
xstephens@example.org;sony;product manager;2.0
yangyolanda@example.org;home depot;recruitment consultant;1.0
yangyolanda@example.org;morgan stanley;broadcast engineer;2.0
yangyolanda@example.org;roche;retail banker;1.0
yangyolanda@example.org;tiktok;chiropractor;3.0
ybaxter@example.com;alibaba;tax inspector;5.0
ybaxter@example.com;amazon;landscape architect;2.0
ybaxter@example.com;pwc;retail merchandiser;5.0
ybaxter@example.com;stripe;engineer, broadcasting (operations);4.0
ycruz@example.org;pfizer;development worker, community;3.0
ycruz@example.org;pwc;conference centre manager;3.0
yhill@example.org;bp;teacher, adult education;4.0
yhill@example.org;coca-cola;research scientist (medical);1.0
yjones@example.org;h&m;corporate investment banker;5.0
yjones@example.org;hp;therapeutic radiographer;1.0
yjones@example.org;ibm;scientist, forensic;4.0
yjones@example.org;salesforce;chief of staff;1.0
ymartin@example.net;pepsico;paramedic;1.0
ymartin@example.net;pfizer;ophthalmologist;3.0
youngsamantha@example.com;apple;mental health nurse;2.0
youngsamantha@example.com;siemens;lighting technician, broadcasting/film/video;2.0
youngstephen@example.net;intel;electronics engineer;5.0
youngstephen@example.net;moderna;information officer;4.0
youngstephen@example.net;nestle;optometrist;1.0
youngstephen@example.net;nvidia;recruitment consultant;3.0
youngstephen@example.net;roche;health service manager;4.0
yrichardson@example.org;deloitte;health service manager;2.0
yrichardson@example.org;volkswagen;advertising account executive;2.0
yrojas@example.com;moderna;special effects artist;3.0
yrojas@example.com;pwc;camera operator;1.0
ysullivan@example.com;deloitte;engineering geologist;3.0
ysullivan@example.com;novartis;television production assistant;3.0
ysullivan@example.com;shopify;publishing rights manager;4.0
ysullivan@example.com;starbucks;materials engineer;5.0
ywallace@example.org;linkedin;personnel officer;2.0
ywallace@example.org;northrop grumman;optometrist;2.0
zgutierrez@example.org;chanel;producer, television/film/video;3.0
zgutierrez@example.org;cisco;museum/gallery curator;4.0
zgutierrez@example.org;ey;engineer, site;4.0
zgutierrez@example.org;novartis;designer, exhibition/display;2.0
zgutierrez@example.org;visa;pilot, airline;5.0
zhunter@example.com;at&t;designer, blown glass/stained glass;5.0
zhunter@example.com;home depot;chemist, analytical;2.0
zhunter@example.com;shell;agricultural consultant;5.0
zhunter@example.com;sony;education officer, environmental;1.0
zjohnson@example.org;prada;toxicologist;5.0
zjohnson@example.org;twitter;engineer, structural;3.0
zlee@example.org;accenture;librarian, academic;4.0
zlee@example.org;domino's pizza;scientist, research (life sciences);2.0
zlee@example.org;home depot;emergency planning/management officer;1.0
zmitchell@example.com;ey;radiographer, therapeutic;4.0
zmitchell@example.com;nestle;charity fundraiser;2.0
zmitchell@example.com;tiktok;press photographer;4.0
znash@example.net;lowe's;ceramics designer;1.0
znash@example.net;zara;advertising copywriter;2.0
