email;language;level
aaronbrown@example.org;french;intermediate
aaronbrown@example.org;russian;beginner
abigail73@example.com;german;intermediate
abigail73@example.com;japanese;intermediate
abigail73@example.com;telugu;advanced
abigail75@example.org;french;beginner
abigail75@example.org;japanese;beginner
abigail75@example.org;telugu;advanced
abyrd@example.org;arabic;beginner
abyrd@example.org;russian;beginner
acostarebecca@example.com;hindi;advanced
acostarebecca@example.com;malay/indonesian;advanced
acostarebecca@example.com;russian;advanced
acostashannon@example.org;japanese;advanced
acostashannon@example.org;mandarin/chinese;beginner
adrian73@example.com;french;beginner
adrian73@example.com;hindi;beginner
adrian73@example.com;japanese;advanced
adrian73@example.com;portuguese;intermediate
adrian73@example.com;spanish;beginner
alicia10@example.com;japanese;advanced
alicia10@example.com;malay/indonesian;advanced
alicia10@example.com;russian;advanced
alicia10@example.com;telugu;advanced
alicia35@example.net;english;intermediate
alicia35@example.net;german;beginner
alicia35@example.net;japanese;advanced
allenheather@example.net;mandarin/chinese;intermediate
allenheather@example.net;spanish;advanced
amanda54@example.org;arabic;beginner
amanda54@example.org;hindi;advanced
amanda54@example.org;japanese;beginner
amanda54@example.org;russian;intermediate
amandaburgess@example.net;japanese;advanced
amandaburgess@example.net;spanish;intermediate
amandaburgess@example.net;telugu;beginner
amandalynch@example.com;russian;beginner
ambertaylor@example.com;mandarin/chinese;intermediate
amyporter@example.com;japanese;beginner
amyporter@example.com;malay/indonesian;advanced
amyporter@example.com;spanish;advanced
amyporter@example.com;telugu;beginner
amyscott@example.com;english;intermediate
amyscott@example.com;german;beginner
amyscott@example.com;portuguese;advanced
andersonlauren@example.com;hindi;advanced
andrewcarter@example.com;english;intermediate
andrewcarter@example.com;german;beginner
andrewcarter@example.com;telugu;advanced
andrewgarcia@example.net;english;advanced
andrewgarcia@example.net;portuguese;advanced
andrewgarcia@example.net;telugu;intermediate
angeladixon@example.org;japanese;intermediate
angeladixon@example.org;portuguese;intermediate
angeladixon@example.org;russian;advanced
angelaharrison@example.org;arabic;advanced
annalucas@example.com;portuguese;intermediate
anthony73@example.com;telugu;advanced
anthonyrivera@example.net;arabic;advanced
anthonyrivera@example.net;german;advanced
anthonyruiz@example.org;english;beginner
anthonyruiz@example.org;french;beginner
anthonyruiz@example.org;german;intermediate
aprilrodriguez@example.org;french;advanced
aprilrodriguez@example.org;malay/indonesian;intermediate
aprilrodriguez@example.org;mandarin/chinese;beginner
aprilrodriguez@example.org;portuguese;intermediate
aprilrodriguez@example.org;spanish;beginner
areyes@example.com;english;beginner
areyes@example.com;mandarin/chinese;advanced
armstrongrenee@example.org;german;beginner
armstrongrenee@example.org;hindi;intermediate
armstrongrenee@example.org;telugu;intermediate
ashleyholt@example.com;hindi;advanced
ashleyholt@example.com;portuguese;advanced
ashleyjames@example.com;hindi;intermediate
asmith@example.net;french;intermediate
asmith@example.net;japanese;advanced
asmith@example.net;malay/indonesian;advanced
atkinsondavid@example.net;malay/indonesian;advanced
austinellis@example.com;french;intermediate
austinellis@example.com;hindi;intermediate
austinellis@example.com;telugu;intermediate
baileysherri@example.com;arabic;intermediate
baileysherri@example.com;french;intermediate
baileysherri@example.com;german;intermediate
baileysherri@example.com;japanese;intermediate
baileysherri@example.com;spanish;beginner
barajasjonathan@example.org;arabic;advanced
barajasjonathan@example.org;french;beginner
barajasjonathan@example.org;mandarin/chinese;intermediate
barbaranewton@example.com;english;advanced
barbaranewton@example.com;german;intermediate
barkerjennifer@example.org;arabic;advanced
barkerjennifer@example.org;mandarin/chinese;intermediate
barkerjennifer@example.org;spanish;advanced
barrmichael@example.org;japanese;advanced
barrmichael@example.org;mandarin/chinese;advanced
barrmichael@example.org;russian;intermediate
barrmichael@example.org;spanish;intermediate
barrymarsh@example.com;german;advanced
barrymarsh@example.com;telugu;beginner
bball@example.org;english;intermediate
bball@example.org;japanese;advanced
bball@example.org;portuguese;beginner
bcraig@example.com;german;beginner
bcraig@example.com;hindi;advanced
bcraig@example.com;portuguese;beginner
bcraig@example.net;arabic;beginner
bcraig@example.net;german;advanced
bcraig@example.net;malay/indonesian;advanced
bcraig@example.net;mandarin/chinese;advanced
bcraig@example.net;russian;beginner
benjaminblack@example.com;spanish;advanced
benjaminrichards@example.net;german;beginner
benjaminrichards@example.net;russian;intermediate
benjaminrichards@example.net;spanish;advanced
bgarcia@example.net;arabic;advanced
bgarcia@example.net;telugu;beginner
bnelson@example.com;portuguese;intermediate
boydpeter@example.org;arabic;advanced
boydpeter@example.org;hindi;intermediate
boydpeter@example.org;malay/indonesian;intermediate
boydpeter@example.org;russian;beginner
boydpeter@example.org;telugu;advanced
brandongill@example.com;english;beginner
brandongill@example.com;hindi;intermediate
brandongill@example.com;russian;beginner
brandonramirez@example.com;french;beginner
brandonramirez@example.com;hindi;beginner
brandonramirez@example.com;mandarin/chinese;beginner
brandonramirez@example.com;portuguese;advanced
brendagonzalez@example.org;english;advanced
brendagonzalez@example.org;mandarin/chinese;intermediate
brendagonzalez@example.org;spanish;intermediate
brianna07@example.com;english;beginner
brianna07@example.com;russian;intermediate
brianna07@example.com;spanish;beginner
brianna07@example.com;telugu;advanced
brianna17@example.org;malay/indonesian;advanced
brianrogers@example.com;malay/indonesian;beginner
brianrogers@example.com;spanish;intermediate
brittany49@example.net;english;advanced
brittany49@example.net;malay/indonesian;beginner
brittany49@example.net;mandarin/chinese;advanced
brittany49@example.net;russian;beginner
brittanycooper@example.net;mandarin/chinese;advanced
brittneyfreeman@example.net;english;advanced
brittneyfreeman@example.net;japanese;intermediate
brittneyfreeman@example.net;telugu;advanced
brittneykim@example.com;portuguese;intermediate
brookeaustin@example.org;arabic;beginner
brookeaustin@example.org;hindi;advanced
brookeaustin@example.org;portuguese;intermediate
butlercory@example.net;japanese;intermediate
carl05@example.net;english;intermediate
carl05@example.net;japanese;beginner
carl05@example.net;mandarin/chinese;intermediate
carlosramirez@example.com;hindi;beginner
carlosramirez@example.com;mandarin/chinese;intermediate
carlosramirez@example.com;russian;advanced
carlosramirez@example.com;spanish;beginner
carriehutchinson@example.net;french;intermediate
carriehutchinson@example.net;malay/indonesian;intermediate
carriehutchinson@example.net;mandarin/chinese;advanced
carriehutchinson@example.net;telugu;intermediate
carrollleslie@example.com;japanese;advanced
casejason@example.org;german;beginner
casejason@example.org;mandarin/chinese;advanced
cassie89@example.org;arabic;beginner
catherine77@example.org;arabic;beginner
catherine77@example.org;german;advanced
chad23@example.org;japanese;beginner
chad23@example.org;russian;advanced
charles55@example.net;hindi;beginner
chelsea36@example.net;arabic;advanced
chelsea36@example.net;mandarin/chinese;advanced
chelsea36@example.net;russian;advanced
cholland@example.net;arabic;beginner
cholland@example.net;portuguese;advanced
christiankaiser@example.org;hindi;beginner
christiankaiser@example.org;japanese;advanced
christinafry@example.net;hindi;intermediate
christinafry@example.net;spanish;advanced
christine33@example.org;arabic;advanced
christinebennett@example.net;mandarin/chinese;intermediate
christinethomas@example.com;french;advanced
christinethomas@example.com;german;beginner
christinethomas@example.com;japanese;beginner
christopher27@example.com;russian;intermediate
christopher27@example.com;telugu;beginner
christopher94@example.net;malay/indonesian;intermediate
christopherbaird@example.org;english;intermediate
christopherbaird@example.org;french;intermediate
christopherbaird@example.org;hindi;advanced
christopherbaird@example.org;portuguese;intermediate
christopherbaird@example.org;spanish;beginner
christophergutierrez@example.net;portuguese;beginner
cindy74@example.org;mandarin/chinese;beginner
cindy74@example.org;portuguese;advanced
cindy74@example.org;spanish;advanced
cindy74@example.org;telugu;beginner
cindy97@example.com;german;advanced
cindy97@example.com;spanish;intermediate
cindy97@example.com;telugu;beginner
cindysharp@example.org;french;beginner
cjackson@example.net;mandarin/chinese;advanced
cjackson@example.net;russian;advanced
clarkjill@example.net;arabic;advanced
clarkjill@example.net;german;beginner
clarkjill@example.net;hindi;beginner
clarkjill@example.net;portuguese;intermediate
clarkjill@example.net;russian;beginner
clarkstephanie@example.com;german;beginner
clarkstephanie@example.com;telugu;advanced
claytonwilliams@example.net;french;beginner
clloyd@example.net;portuguese;advanced
cohenalexander@example.org;french;advanced
cohenalexander@example.org;malay/indonesian;intermediate
colleenwall@example.com;hindi;beginner
colonhayley@example.net;telugu;beginner
connor24@example.org;russian;advanced
courtney49@example.org;german;intermediate
courtney75@example.com;german;advanced
courtney75@example.com;russian;advanced
courtneyhiggins@example.org;english;beginner
cowandaniel@example.com;german;intermediate
cowandaniel@example.com;hindi;intermediate
cowandaniel@example.com;malay/indonesian;intermediate
cowandaniel@example.com;portuguese;advanced
coxsusan@example.net;arabic;intermediate
coxsusan@example.net;english;beginner
coxsusan@example.net;malay/indonesian;intermediate
crystalsmith@example.net;malay/indonesian;intermediate
crystalsmith@example.net;mandarin/chinese;advanced
cynthia55@example.org;arabic;beginner
cynthia55@example.org;english;intermediate
cynthia55@example.org;malay/indonesian;advanced
cynthia55@example.org;portuguese;intermediate
danatorres@example.com;french;beginner
danatorres@example.com;hindi;beginner
danatorres@example.com;malay/indonesian;advanced
danatorres@example.com;portuguese;advanced
danielbernard@example.org;german;beginner
danielbernard@example.org;japanese;advanced
danieljames@example.com;japanese;intermediate
danieljames@example.com;malay/indonesian;beginner
danieljames@example.com;spanish;beginner
danielpowers@example.org;french;advanced
danielpowers@example.org;spanish;beginner
david59@example.com;english;beginner
david59@example.com;hindi;intermediate
david59@example.com;japanese;beginner
david59@example.com;portuguese;advanced
davidbarker@example.com;english;intermediate
davidbarker@example.com;german;intermediate
davidbarker@example.com;mandarin/chinese;beginner
davidjames@example.com;english;beginner
davidjames@example.com;german;beginner
davidjames@example.com;malay/indonesian;advanced
davidoliver@example.com;mandarin/chinese;beginner
davidwood@example.org;german;advanced
davidwood@example.org;hindi;beginner
davidwood@example.org;japanese;intermediate
davidwood@example.org;portuguese;advanced
davidwood@example.org;spanish;beginner
daviscaroline@example.com;german;beginner
daviscaroline@example.com;hindi;advanced
daviscaroline@example.com;portuguese;advanced
daviscaroline@example.com;russian;advanced
daviskenneth@example.com;french;advanced
daviskenneth@example.com;malay/indonesian;beginner
daviskenneth@example.com;mandarin/chinese;advanced
dawnrodriguez@example.net;hindi;beginner
dbryan@example.net;japanese;intermediate
dbryan@example.net;portuguese;advanced
dbryan@example.net;russian;beginner
deborah94@example.net;german;intermediate
deborah94@example.net;telugu;intermediate
deborahwilliams@example.com;malay/indonesian;advanced
debra49@example.com;hindi;advanced
debra49@example.com;malay/indonesian;intermediate
debra49@example.com;spanish;intermediate
deniseramirez@example.org;japanese;beginner
deniseramirez@example.org;mandarin/chinese;advanced
dennisjo@example.com;portuguese;beginner
dennisjo@example.com;russian;intermediate
devinklein@example.org;french;advanced
devinklein@example.org;telugu;advanced
dferguson@example.com;arabic;advanced
dferguson@example.com;french;advanced
dferguson@example.com;mandarin/chinese;intermediate
dferguson@example.com;russian;intermediate
dhall@example.org;german;advanced
dhall@example.org;mandarin/chinese;advanced
diana83@example.net;german;intermediate
diana83@example.net;japanese;advanced
diana83@example.net;spanish;advanced
diana83@example.net;telugu;intermediate
dianesmith@example.com;arabic;intermediate
dianesmith@example.com;hindi;advanced
dianesmith@example.com;japanese;intermediate
dixonbrett@example.org;japanese;intermediate
dixonbrett@example.org;spanish;intermediate
donna21@example.org;german;advanced
donna21@example.org;malay/indonesian;advanced
donna21@example.org;mandarin/chinese;advanced
donna34@example.com;english;intermediate
donna34@example.com;japanese;intermediate
doris30@example.org;english;beginner
dorothy41@example.org;japanese;advanced
dorothy41@example.org;telugu;advanced
douglasbarajas@example.net;hindi;beginner
douglasbarajas@example.net;japanese;beginner
ebrown@example.org;english;intermediate
ebrown@example.org;japanese;advanced
ebrown@example.org;arabic;advanced
edrake@example.com;portuguese;intermediate
eduncan@example.com;german;advanced
eduncan@example.com;hindi;intermediate
eduncan@example.com;russian;beginner
eduncan@example.com;telugu;beginner
eric73@example.org;malay/indonesian;intermediate
erica29@example.net;english;beginner
erica29@example.net;malay/indonesian;intermediate
erica29@example.net;portuguese;intermediate
erica40@example.net;arabic;advanced
erica40@example.net;english;beginner
erica40@example.net;spanish;beginner
ericyoung@example.org;english;advanced
ericyoung@example.org;german;intermediate
ericyoung@example.org;telugu;intermediate
erin94@example.net;arabic;advanced
erin94@example.net;french;intermediate
erin94@example.net;hindi;advanced
erin94@example.net;russian;intermediate
erin94@example.net;spanish;beginner
fcarroll@example.org;french;advanced
fcarroll@example.org;spanish;beginner
felicia33@example.net;arabic;intermediate
felicia33@example.net;english;advanced
felicia33@example.net;german;beginner
felicia33@example.net;telugu;beginner
fergusongabriela@example.org;english;intermediate
fergusongabriela@example.org;german;intermediate
ffuller@example.com;arabic;beginner
flemingdeborah@example.org;arabic;advanced
flemingdeborah@example.org;malay/indonesian;beginner
flemingdeborah@example.org;portuguese;intermediate
fnichols@example.org;english;beginner
fowlerrobert@example.org;russian;intermediate
foxlori@example.com;hindi;intermediate
foxlori@example.com;mandarin/chinese;intermediate
foxmichael@example.com;arabic;advanced
foxmichael@example.com;telugu;advanced
frandall@example.net;arabic;advanced
frandall@example.net;hindi;intermediate
frandall@example.net;malay/indonesian;advanced
frandall@example.net;spanish;intermediate
frankmclean@example.com;portuguese;advanced
garykelly@example.org;russian;advanced
gcruz@example.com;arabic;advanced
gcruz@example.com;hindi;beginner
gcruz@example.com;spanish;intermediate
geoffreygrant@example.com;portuguese;advanced
georgerichard@example.org;arabic;intermediate
gerald87@example.net;german;beginner
gerald87@example.net;malay/indonesian;advanced
gerald87@example.net;russian;intermediate
gerald87@example.net;telugu;advanced
geraldpowell@example.net;german;beginner
gibsonsamantha@example.org;japanese;intermediate
gibsonsamantha@example.org;telugu;beginner
gilbertamy@example.com;japanese;advanced
gmcclure@example.org;english;advanced
gmcclure@example.org;japanese;advanced
gmcclure@example.org;malay/indonesian;advanced
gmcclure@example.org;spanish;advanced
gmcclure@example.org;telugu;intermediate
gonzalezdaniel@example.net;hindi;intermediate
granthaley@example.net;arabic;advanced
granthaley@example.net;japanese;beginner
granthaley@example.net;russian;advanced
granthaley@example.net;spanish;beginner
grayjillian@example.org;russian;intermediate
grayjillian@example.org;telugu;beginner
gregmccall@example.net;arabic;intermediate
gregmccall@example.net;french;advanced
gregmccall@example.net;telugu;intermediate
gregorykathleen@example.org;french;advanced
gregorykathleen@example.org;hindi;beginner
gregorykathleen@example.org;malay/indonesian;intermediate
gregorykathleen@example.org;mandarin/chinese;beginner
gsimmons@example.net;french;advanced
hailey65@example.net;arabic;advanced
hailey65@example.net;french;intermediate
hailey65@example.net;malay/indonesian;intermediate
hailey65@example.net;telugu;advanced
hannah15@example.com;arabic;intermediate
hannah15@example.com;russian;beginner
hberger@example.com;arabic;advanced
hberger@example.com;french;advanced
hberger@example.com;malay/indonesian;intermediate
hduncan@example.net;russian;beginner
hdurham@example.com;malay/indonesian;intermediate
hdurham@example.com;mandarin/chinese;beginner
hdurham@example.com;portuguese;advanced
heather26@example.com;german;advanced
heather26@example.com;spanish;beginner
heatherolsen@example.com;english;beginner
heidiharris@example.org;french;beginner
heidiharris@example.org;german;advanced
heidiharris@example.org;malay/indonesian;intermediate
heidiharris@example.org;mandarin/chinese;intermediate
hendersonjoseph@example.net;spanish;advanced
hhall@example.net;malay/indonesian;advanced
hhunter@example.org;arabic;beginner
hhunter@example.org;german;advanced
hhunter@example.org;hindi;intermediate
hhunter@example.org;spanish;intermediate
hhunter@example.org;telugu;advanced
hillmegan@example.org;french;intermediate
hillmegan@example.org;malay/indonesian;advanced
hillmegan@example.org;spanish;advanced
hjackson@example.org;arabic;beginner
hjackson@example.org;hindi;advanced
hjackson@example.org;russian;intermediate
hmarshall@example.net;russian;beginner
hmarshall@example.net;telugu;intermediate
hmitchell@example.org;german;intermediate
hmitchell@example.org;malay/indonesian;beginner
hmitchell@example.org;mandarin/chinese;advanced
hmitchell@example.org;russian;beginner
howellsarah@example.org;german;intermediate
hpierce@example.com;portuguese;advanced
hroberson@example.net;english;intermediate
hroberson@example.net;mandarin/chinese;intermediate
hroberson@example.net;telugu;advanced
hsantiago@example.org;german;advanced
hsantiago@example.org;malay/indonesian;intermediate
hsantiago@example.org;russian;advanced
hstanley@example.net;french;beginner
hstanley@example.net;japanese;intermediate
hstanley@example.net;spanish;advanced
hstanley@example.net;telugu;advanced
hunterandres@example.net;french;advanced
hunterandres@example.net;hindi;advanced
hunterandres@example.net;japanese;intermediate
hunterandres@example.net;mandarin/chinese;beginner
hwilliams@example.org;english;advanced
hwilliams@example.org;hindi;intermediate
hwilliams@example.org;portuguese;advanced
igates@example.com;japanese;advanced
igates@example.com;portuguese;advanced
igates@example.com;russian;advanced
ingramdawn@example.com;telugu;intermediate
iruiz@example.com;russian;advanced
iwilliams@example.com;english;beginner
iwilliams@example.com;french;intermediate
iwilliams@example.com;russian;beginner
iwilliams@example.com;spanish;intermediate
iwilliams@example.com;telugu;beginner
jacksonjoshua@example.org;german;advanced
jacksonjoshua@example.org;spanish;intermediate
jacob58@example.com;hindi;advanced
jacob58@example.com;telugu;intermediate
jadegutierrez@example.net;hindi;beginner
jadegutierrez@example.net;japanese;advanced
jadegutierrez@example.net;malay/indonesian;intermediate
james30@example.net;hindi;advanced
james30@example.net;russian;beginner
james71@example.org;english;intermediate
james71@example.org;french;advanced
james71@example.org;portuguese;beginner
james82@example.net;spanish;beginner
james82@example.net;telugu;beginner
jamesjensen@example.com;hindi;advanced
jamesjensen@example.com;japanese;advanced
jamessanchez@example.org;arabic;advanced
jamessanchez@example.org;english;advanced
jamessanchez@example.org;french;intermediate
jamessanchez@example.org;spanish;intermediate
jamessanchez@example.org;telugu;beginner
jamesthomas@example.net;portuguese;intermediate
jamesthomas@example.net;spanish;advanced
jamesthomas@example.net;telugu;advanced
jamie15@example.net;english;advanced
jamie15@example.net;german;intermediate
jamie15@example.net;malay/indonesian;advanced
jamie15@example.net;mandarin/chinese;beginner
janet35@example.com;mandarin/chinese;advanced
janice54@example.net;portuguese;beginner
janice54@example.net;telugu;advanced
jasmin57@example.org;german;advanced
jasmin57@example.org;russian;advanced
jasonzavala@example.com;telugu;beginner
jcarter@example.net;japanese;beginner
jcarter@example.net;mandarin/chinese;advanced
jcarter@example.net;spanish;intermediate
jeffery64@example.org;french;intermediate
jeffery64@example.org;hindi;advanced
jeffery64@example.org;mandarin/chinese;beginner
jeffery64@example.org;russian;intermediate
jeffery64@example.org;telugu;beginner
jenkinscynthia@example.com;german;advanced
jenkinscynthia@example.com;telugu;advanced
jeremiah01@example.net;japanese;beginner
jeremiah01@example.net;malay/indonesian;intermediate
jeremycastro@example.net;french;intermediate
jeremycastro@example.net;german;advanced
jeremycastro@example.net;mandarin/chinese;beginner
jesseedwards@example.org;english;intermediate
jesseedwards@example.org;mandarin/chinese;intermediate
jesseedwards@example.org;telugu;intermediate
jessicaaustin@example.net;french;beginner
jessicabrown@example.net;arabic;intermediate
jessicabrown@example.net;japanese;beginner
jessicabrown@example.net;malay/indonesian;advanced
jessicabrown@example.net;mandarin/chinese;beginner
jessicabrown@example.net;portuguese;intermediate
jessicahurley@example.com;french;intermediate
jessicasmith@example.net;french;beginner
jessicasmith@example.net;russian;advanced
jessicasmith@example.net;telugu;beginner
jill64@example.com;french;advanced
jill64@example.com;mandarin/chinese;intermediate
jill64@example.com;portuguese;intermediate
jill64@example.com;spanish;advanced
jjenkins@example.org;french;advanced
jjenkins@example.org;mandarin/chinese;beginner
jjenkins@example.org;russian;beginner
jjenkins@example.org;spanish;intermediate
john90@example.net;french;advanced
john90@example.net;malay/indonesian;beginner
john90@example.net;russian;intermediate
john90@example.net;spanish;advanced
johnbenton@example.com;arabic;beginner
johnbenton@example.com;malay/indonesian;intermediate
johnbenton@example.com;spanish;beginner
johnbenton@example.com;telugu;intermediate
johnhernandez@example.org;french;intermediate
johnhernandez@example.org;german;intermediate
johnsonandrew@example.net;hindi;advanced
johnsonandrew@example.net;russian;intermediate
johnsondeborah@example.net;mandarin/chinese;advanced
johnsondeborah@example.net;russian;advanced
johnsondeborah@example.net;spanish;intermediate
johnsonnancy@example.net;hindi;advanced
jonathanallen@example.net;portuguese;beginner
jordan24@example.org;english;beginner
jordan24@example.org;malay/indonesian;beginner
joshua34@example.net;english;beginner
joshua34@example.net;hindi;advanced
joshua34@example.net;mandarin/chinese;advanced
joshua34@example.net;telugu;beginner
joshuawatson@example.net;english;beginner
joshuawatson@example.net;malay/indonesian;beginner
joshuawatson@example.net;mandarin/chinese;intermediate
joshuawatson@example.net;spanish;beginner
jperry@example.net;german;intermediate
jperry@example.net;hindi;intermediate
jperry@example.net;portuguese;advanced
jpeters@example.org;english;beginner
jpeters@example.org;french;beginner
jpeters@example.org;german;advanced
jpeters@example.org;russian;beginner
jpeters@example.org;telugu;advanced
jrodriguez@example.com;french;beginner
jrodriguez@example.com;german;advanced
jrodriguez@example.com;portuguese;intermediate
judyevans@example.org;telugu;beginner
juliewarren@example.com;english;intermediate
juliewarren@example.com;russian;intermediate
juliewarren@example.com;spanish;intermediate
juliewarren@example.com;telugu;advanced
karicarter@example.com;french;advanced
karicarter@example.com;german;advanced
karicarter@example.com;spanish;advanced
karicarter@example.com;telugu;beginner
kathrynprice@example.org;mandarin/chinese;beginner
katrinastewart@example.org;german;beginner
katrinastewart@example.org;telugu;intermediate
kayla98@example.com;arabic;advanced
kayla98@example.com;english;advanced
kayla98@example.com;russian;advanced
kaylamccall@example.org;arabic;beginner
kaylamccall@example.org;english;beginner
kaylamoreno@example.net;japanese;advanced
kaylamoreno@example.net;spanish;beginner
kblack@example.com;french;beginner
kblack@example.com;portuguese;advanced
kblack@example.com;spanish;beginner
kblack@example.com;telugu;intermediate
kdavis@example.net;arabic;beginner
kdavis@example.net;french;intermediate
kdavis@example.net;german;advanced
kdavis@example.net;japanese;beginner
kdavis@example.net;telugu;advanced
keithgonzalez@example.com;arabic;beginner
keithgonzalez@example.com;english;beginner
keithgonzalez@example.com;hindi;advanced
keithgonzalez@example.com;mandarin/chinese;advanced
keithgonzalez@example.com;russian;advanced
kelly93@example.net;arabic;advanced
kelly93@example.net;mandarin/chinese;advanced
kellylopez@example.org;japanese;intermediate
kellylopez@example.org;spanish;beginner
kendra83@example.org;portuguese;beginner
kendra83@example.org;spanish;intermediate
kenneth77@example.com;english;advanced
kenneth77@example.com;hindi;intermediate
kenneth77@example.com;spanish;beginner
kentandre@example.org;arabic;intermediate
kentandre@example.org;english;intermediate
kentandre@example.org;german;intermediate
kentandre@example.org;portuguese;beginner
kevinmarshall@example.net;japanese;advanced
kevinmarshall@example.net;spanish;advanced
kgreen@example.com;english;advanced
kgreen@example.com;mandarin/chinese;intermediate
kgreen@example.com;portuguese;advanced
kgreen@example.com;russian;advanced
khayes@example.com;english;intermediate
khayes@example.com;french;intermediate
khayes@example.com;german;intermediate
khayes@example.com;mandarin/chinese;beginner
khayes@example.com;russian;beginner
khorn@example.net;french;advanced
khorn@example.net;german;beginner
khorn@example.net;mandarin/chinese;beginner
kimberlywilliams@example.net;mandarin/chinese;advanced
knightdenise@example.com;mandarin/chinese;beginner
kristenmiles@example.net;mandarin/chinese;intermediate
kristenmiles@example.net;portuguese;beginner
kristenmiles@example.net;russian;advanced
kristenmiles@example.net;telugu;advanced
kristiedavis@example.com;french;intermediate
kristiedavis@example.com;german;beginner
kristiedavis@example.com;malay/indonesian;intermediate
kross@example.net;french;advanced
kross@example.net;japanese;advanced
ksmith@example.org;hindi;advanced
kyle38@example.com;hindi;intermediate
kyle38@example.com;malay/indonesian;intermediate
kyle38@example.com;portuguese;advanced
lauraconley@example.org;french;intermediate
lcox@example.net;french;beginner
lcox@example.net;malay/indonesian;beginner
lcox@example.net;russian;advanced
lcox@example.net;telugu;intermediate
leonardjacob@example.net;french;beginner
leonardjacob@example.net;hindi;advanced
leonardjacob@example.net;portuguese;advanced
leonardjacob@example.net;russian;advanced
leonnicholas@example.com;hindi;beginner
leonnicholas@example.com;mandarin/chinese;beginner
lewisstephen@example.org;french;advanced
lewisstephen@example.org;hindi;beginner
lewisstephen@example.org;japanese;intermediate
lindagonzales@example.com;arabic;beginner
lindagonzales@example.com;english;beginner
lindagonzales@example.com;mandarin/chinese;intermediate
lindagonzales@example.com;russian;beginner
lindagonzales@example.com;spanish;intermediate
lisa53@example.net;arabic;beginner
lisa53@example.net;japanese;advanced
lisa53@example.net;portuguese;intermediate
lisa53@example.net;telugu;advanced
lisaarroyo@example.com;french;intermediate
lisaarroyo@example.com;malay/indonesian;intermediate
lisaarroyo@example.com;spanish;advanced
logan02@example.net;malay/indonesian;beginner
logan02@example.net;portuguese;intermediate
logan02@example.net;spanish;intermediate
logan02@example.net;telugu;advanced
lorettamack@example.org;english;intermediate
lorettamack@example.org;french;beginner
lorettamack@example.org;hindi;intermediate
lori37@example.org;malay/indonesian;advanced
lori37@example.org;russian;beginner
lori37@example.org;spanish;intermediate
louischapman@example.org;english;advanced
loveluke@example.net;telugu;beginner
lpalmer@example.org;mandarin/chinese;beginner
lramirez@example.net;telugu;beginner
lsanders@example.org;english;intermediate
lsanders@example.org;german;intermediate
lsanders@example.org;hindi;intermediate
lsmith@example.net;hindi;beginner
lsmith@example.net;mandarin/chinese;advanced
lsmith@example.net;russian;intermediate
lsmith@example.net;spanish;beginner
lsmith@example.net;telugu;intermediate
lynchrodney@example.com;french;advanced
lynchrodney@example.com;japanese;beginner
lynchrodney@example.com;russian;advanced
lynn36@example.com;arabic;intermediate
lynn36@example.com;malay/indonesian;beginner
lynn36@example.com;portuguese;advanced
madams@example.org;hindi;advanced
madams@example.org;russian;beginner
madams@example.org;spanish;advanced
maddoxcarlos@example.net;german;intermediate
maddoxcarlos@example.net;spanish;intermediate
mallory33@example.org;hindi;intermediate
marie11@example.com;german;intermediate
marie11@example.com;japanese;advanced
mark06@example.com;german;intermediate
mark06@example.com;hindi;beginner
mark06@example.com;japanese;beginner
mark06@example.com;portuguese;beginner
mark16@example.net;arabic;advanced
mark16@example.net;mandarin/chinese;intermediate
mark16@example.net;russian;advanced
martinezbrooke@example.org;arabic;advanced
martinezbrooke@example.org;german;intermediate
martinezbrooke@example.org;malay/indonesian;intermediate
martinezbrooke@example.org;portuguese;intermediate
mary75@example.net;mandarin/chinese;intermediate
marydelacruz@example.com;english;intermediate
marydelacruz@example.com;mandarin/chinese;advanced
marydelacruz@example.com;spanish;intermediate
marydelacruz@example.com;telugu;advanced
marypowers@example.com;german;intermediate
marypowers@example.com;telugu;advanced
masonamanda@example.net;japanese;intermediate
masonamanda@example.net;portuguese;advanced
matthew86@example.net;telugu;intermediate
max24@example.org;english;beginner
max24@example.org;german;advanced
max24@example.org;portuguese;intermediate
maxwell39@example.org;english;advanced
maxwell39@example.org;malay/indonesian;beginner
maxwell39@example.org;russian;intermediate
mccoypatrick@example.com;french;beginner
mccoypatrick@example.com;german;advanced
mccoypatrick@example.com;portuguese;beginner
megan03@example.org;arabic;beginner
megan03@example.org;german;advanced
megan03@example.org;hindi;beginner
megan03@example.org;malay/indonesian;beginner
meganhernandez@example.org;portuguese;intermediate
melody77@example.net;english;advanced
melody77@example.net;german;intermediate
melody77@example.net;mandarin/chinese;advanced
melody77@example.net;spanish;beginner
meredithsmith@example.net;french;beginner
michael21@example.com;hindi;beginner
michael21@example.com;spanish;beginner
michael36@example.org;german;beginner
michael36@example.org;mandarin/chinese;intermediate
michael36@example.org;portuguese;advanced
michael57@example.net;english;advanced
michael57@example.net;hindi;beginner
michael57@example.net;japanese;advanced
michael57@example.net;spanish;intermediate
michael89@example.net;portuguese;beginner
michaelasparks@example.net;english;intermediate
michaelasparks@example.net;malay/indonesian;beginner
michaelasparks@example.net;russian;advanced
michele73@example.com;english;beginner
michele73@example.com;spanish;advanced
michele73@example.com;telugu;intermediate
michellemason@example.net;french;intermediate
michellemason@example.net;german;intermediate
michelleodom@example.org;arabic;advanced
michelleodom@example.org;english;beginner
michelleodom@example.org;malay/indonesian;beginner
michelleodom@example.org;spanish;advanced
middletondaniel@example.org;english;advanced
middletondaniel@example.org;german;beginner
middletondaniel@example.org;russian;intermediate
middletondaniel@example.org;telugu;intermediate
milesthomas@example.net;french;beginner
milesthomas@example.net;hindi;advanced
milesthomas@example.net;malay/indonesian;advanced
millermonica@example.com;portuguese;advanced
mitchelljanice@example.com;arabic;advanced
mitchelljanice@example.com;german;intermediate
mitchelljanice@example.com;russian;intermediate
mitchelljanice@example.com;telugu;advanced
mmurphy@example.org;english;advanced
mmurphy@example.org;french;advanced
mmurphy@example.org;hindi;advanced
mmurphy@example.org;telugu;beginner
moonscott@example.com;german;advanced
moonscott@example.com;hindi;intermediate
moonscott@example.com;mandarin/chinese;intermediate
moorelori@example.org;arabic;intermediate
moorelori@example.org;french;beginner
moorelori@example.org;japanese;intermediate
moorelori@example.org;malay/indonesian;advanced
moorerichard@example.org;japanese;advanced
moorerichard@example.org;spanish;beginner
morrisjeffrey@example.net;english;intermediate
morrisjeffrey@example.net;french;advanced
morrisjeffrey@example.net;hindi;beginner
morrisjeffrey@example.net;portuguese;beginner
morrismichael@example.com;malay/indonesian;advanced
morrismichael@example.com;russian;advanced
mortonlisa@example.com;arabic;beginner
mortonlisa@example.com;english;intermediate
mortonlisa@example.com;french;intermediate
mortonlisa@example.com;portuguese;advanced
mortonlisa@example.com;spanish;intermediate
mschaefer@example.org;hindi;intermediate
murphytimothy@example.com;portuguese;intermediate
mzimmerman@example.com;english;advanced
nancy68@example.org;english;intermediate
nathaniel96@example.net;english;advanced
naustin@example.org;japanese;advanced
naustin@example.org;russian;beginner
naustin@example.org;spanish;advanced
nelsonchristian@example.net;mandarin/chinese;beginner
nelsondonna@example.org;japanese;intermediate
nelsondonna@example.org;mandarin/chinese;beginner
nelsondonna@example.org;portuguese;advanced
newtonmegan@example.org;arabic;intermediate
newtonmegan@example.org;english;advanced
newtonmegan@example.org;malay/indonesian;advanced
newtonmegan@example.org;portuguese;beginner
newtonsean@example.net;mandarin/chinese;intermediate
newtonsean@example.net;portuguese;intermediate
ngomez@example.net;hindi;intermediate
ngomez@example.net;malay/indonesian;advanced
ngomez@example.net;mandarin/chinese;intermediate
ngomez@example.net;spanish;beginner
ngomez@example.net;telugu;advanced
nhenson@example.com;arabic;beginner
nhenson@example.com;french;advanced
nicholas80@example.com;arabic;advanced
nicholas80@example.com;mandarin/chinese;advanced
nicholas80@example.com;portuguese;advanced
nicholas89@example.org;english;advanced
nicholas89@example.org;french;intermediate
nicholas89@example.org;japanese;beginner
nicholas89@example.org;malay/indonesian;intermediate
nicholascarter@example.org;arabic;intermediate
nicholascarter@example.org;french;intermediate
nicholascarter@example.org;malay/indonesian;advanced
nicholascarter@example.org;spanish;intermediate
nicholasgonzalez@example.net;arabic;beginner
nicholasgonzalez@example.net;french;advanced
nicholasgonzalez@example.net;german;advanced
nicholasgonzalez@example.net;japanese;intermediate
nicholasgonzalez@example.net;malay/indonesian;advanced
nicholasleon@example.org;french;advanced
nicholasleon@example.org;hindi;intermediate
nicholasleon@example.org;russian;advanced
nsilva@example.net;french;beginner
nsilva@example.net;hindi;beginner
nsilva@example.net;spanish;advanced
ofinley@example.org;german;beginner
ofinley@example.org;russian;advanced
ofinley@example.org;spanish;advanced
ofinley@example.org;telugu;beginner
ojackson@example.org;french;beginner
ojackson@example.org;german;advanced
ojackson@example.org;japanese;beginner
ojackson@example.org;mandarin/chinese;intermediate
oliverstephen@example.org;english;advanced
oliverstephen@example.org;hindi;intermediate
oliverstephen@example.org;spanish;advanced
olivia88@example.net;french;beginner
omorris@example.net;german;beginner
omorris@example.net;japanese;intermediate
oprice@example.org;hindi;advanced
orogers@example.com;german;intermediate
orogers@example.com;hindi;advanced
orogers@example.com;mandarin/chinese;beginner
orogers@example.com;russian;beginner
orogers@example.com;telugu;beginner
orosales@example.org;telugu;beginner
oscarstark@example.org;spanish;intermediate
owensjeremy@example.net;malay/indonesian;beginner
owensjeremy@example.net;russian;beginner
palmercassandra@example.net;hindi;advanced
patrickschneider@example.com;french;intermediate
patrickschneider@example.com;hindi;advanced
paul53@example.org;english;intermediate
paul53@example.org;hindi;advanced
paul53@example.org;spanish;advanced
paula36@example.net;german;intermediate
paula36@example.net;japanese;intermediate
paula36@example.net;portuguese;beginner
paula75@example.com;english;advanced
paula75@example.com;japanese;intermediate
paula75@example.com;russian;intermediate
paula75@example.com;spanish;beginner
paula75@example.com;telugu;intermediate
penavanessa@example.net;french;intermediate
penavanessa@example.net;german;beginner
penavanessa@example.net;malay/indonesian;advanced
penavanessa@example.net;spanish;intermediate
perezjason@example.net;arabic;advanced
perezjason@example.net;malay/indonesian;advanced
perezjason@example.net;mandarin/chinese;beginner
petersenandrew@example.net;french;advanced
petersenandrew@example.net;hindi;advanced
petersenandrew@example.net;telugu;advanced
petersenyvonne@example.net;arabic;advanced
petersenyvonne@example.net;german;beginner
petersenyvonne@example.net;hindi;intermediate
pgilbert@example.org;hindi;advanced
phillipmartinez@example.com;english;intermediate
phillipmartinez@example.com;german;intermediate
phillipmartinez@example.com;japanese;intermediate
phillipmartinez@example.com;malay/indonesian;advanced
pmartinez@example.com;hindi;beginner
pmartinez@example.com;japanese;advanced
pmartinez@example.com;malay/indonesian;advanced
poncecarolyn@example.net;portuguese;beginner
popepaul@example.net;german;advanced
popepaul@example.net;portuguese;beginner
popepaul@example.net;russian;advanced
powelljean@example.com;arabic;advanced
powelljean@example.com;mandarin/chinese;beginner
powelljean@example.com;spanish;beginner
privera@example.org;russian;intermediate
pruiz@example.com;arabic;intermediate
pruiz@example.com;french;intermediate
psmith@example.org;arabic;advanced
qelliott@example.org;hindi;intermediate
qelliott@example.org;spanish;intermediate
qherrera@example.com;french;intermediate
qherrera@example.com;german;beginner
qherrera@example.com;mandarin/chinese;intermediate
qherrera@example.com;portuguese;advanced
rebeccazavala@example.org;arabic;intermediate
rebeccazavala@example.org;portuguese;intermediate
rebeccazavala@example.org;telugu;beginner
rhonda87@example.net;japanese;intermediate
rhondadixon@example.com;hindi;beginner
rhondadixon@example.com;portuguese;intermediate
rhondadixon@example.com;russian;intermediate
rhondadixon@example.com;spanish;intermediate
ricardo77@example.net;english;beginner
ricardo77@example.net;mandarin/chinese;intermediate
ricardo77@example.net;russian;advanced
ricardo77@example.net;spanish;intermediate
richard22@example.com;mandarin/chinese;intermediate
richard22@example.com;telugu;intermediate
richardkelly@example.net;english;advanced
richardkelly@example.net;french;intermediate
richardkelly@example.net;japanese;beginner
richardkelly@example.net;portuguese;beginner
robert03@example.org;arabic;beginner
robert03@example.org;french;intermediate
robert03@example.org;hindi;beginner
robert22@example.org;arabic;advanced
robert22@example.org;hindi;advanced
robert22@example.org;mandarin/chinese;intermediate
robert38@example.com;english;advanced
robert38@example.com;portuguese;advanced
robert38@example.com;spanish;intermediate
robertquinn@example.com;mandarin/chinese;intermediate
robertsaustin@example.net;arabic;beginner
robertsaustin@example.net;french;intermediate
robertsaustin@example.net;hindi;beginner
robertsaustin@example.net;japanese;intermediate
robertsaustin@example.net;portuguese;intermediate
robertschmidt@example.net;french;beginner
robertschmidt@example.net;malay/indonesian;beginner
robertschmidt@example.net;spanish;intermediate
robertsonnathan@example.org;hindi;advanced
robertsonnathan@example.org;malay/indonesian;intermediate
robertsonnathan@example.org;mandarin/chinese;beginner
robertsonnathan@example.org;portuguese;intermediate
rodneyrichardson@example.com;mandarin/chinese;advanced
rrodriguez@example.net;french;advanced
rrodriguez@example.net;japanese;beginner
rrodriguez@example.net;spanish;intermediate
rsmith@example.com;hindi;intermediate
rsmith@example.com;spanish;intermediate
rubenharris@example.com;english;advanced
rubenharris@example.com;hindi;intermediate
rubenharris@example.com;portuguese;beginner
rubenharris@example.com;spanish;advanced
rushamanda@example.net;english;advanced
rushamanda@example.net;german;intermediate
rushamanda@example.net;russian;beginner
ryan78@example.org;english;advanced
ryan78@example.org;french;intermediate
ryan78@example.org;german;advanced
ryan78@example.org;hindi;advanced
ryan78@example.org;mandarin/chinese;beginner
samuelmarquez@example.net;french;beginner
samuelmarquez@example.net;portuguese;beginner
samuelmarquez@example.net;spanish;intermediate
sanchezjoyce@example.org;english;advanced
sanchezjoyce@example.org;french;advanced
sanchezjoyce@example.org;spanish;intermediate
saragraves@example.org;arabic;beginner
saragraves@example.org;english;advanced
saragraves@example.org;hindi;intermediate
saragraves@example.org;russian;beginner
saragraves@example.org;telugu;intermediate
savagemichael@example.net;english;advanced
savagemichael@example.net;german;advanced
savagemichael@example.net;russian;advanced
savagemichael@example.net;telugu;advanced
savannahsoto@example.net;malay/indonesian;intermediate
savannahsoto@example.net;russian;beginner
savannahsoto@example.net;telugu;advanced
sawyersamuel@example.com;telugu;beginner
sbrown@example.net;mandarin/chinese;advanced
sbrown@example.org;japanese;advanced
sbrown@example.org;telugu;intermediate
schroederdavid@example.com;english;advanced
schroederdavid@example.com;malay/indonesian;beginner
schroederdavid@example.com;mandarin/chinese;advanced
scotthill@example.com;english;advanced
scotthill@example.com;japanese;beginner
scottmccall@example.com;russian;advanced
scottmccall@example.com;spanish;advanced
scottzimmerman@example.net;german;intermediate
scottzimmerman@example.net;malay/indonesian;intermediate
scottzimmerman@example.net;portuguese;beginner
scottzimmerman@example.net;russian;advanced
seanross@example.com;english;advanced
seanross@example.com;malay/indonesian;advanced
seanross@example.com;portuguese;advanced
seanross@example.com;telugu;beginner
serranomitchell@example.net;arabic;advanced
serranomitchell@example.net;malay/indonesian;beginner
seth24@example.org;arabic;intermediate
seth24@example.org;mandarin/chinese;beginner
shannonharmon@example.com;hindi;advanced
shawnpayne@example.com;arabic;advanced
shawnpayne@example.com;german;beginner
shawnpayne@example.com;spanish;intermediate
shelby91@example.com;arabic;intermediate
shelby91@example.com;portuguese;beginner
shelby91@example.com;spanish;beginner
shelby91@example.com;telugu;beginner
shelly02@example.net;russian;advanced
shelly02@example.net;telugu;beginner
sheri00@example.org;french;advanced
sierrasmith@example.com;hindi;beginner
sierrasmith@example.com;portuguese;intermediate
sierrasmith@example.com;spanish;advanced
simpsoncody@example.org;arabic;intermediate
simpsoncody@example.org;english;advanced
simpsoncody@example.org;japanese;advanced
simpsoncody@example.org;portuguese;beginner
smcdowell@example.net;english;intermediate
smcdowell@example.net;mandarin/chinese;advanced
smcdowell@example.net;portuguese;beginner
smcdowell@example.net;spanish;intermediate
smithalexandra@example.org;english;intermediate
smithalexandra@example.org;french;beginner
smithalexandra@example.org;hindi;advanced
smithalexandra@example.org;malay/indonesian;beginner
smithamanda@example.org;french;advanced
smithamanda@example.org;german;beginner
smithamanda@example.org;japanese;beginner
smithamanda@example.org;mandarin/chinese;advanced
smithmargaret@example.net;japanese;advanced
smithmargaret@example.net;portuguese;beginner
smithmargaret@example.net;spanish;advanced
smithmargaret@example.net;telugu;advanced
smithmark@example.net;arabic;beginner
smithmark@example.net;english;advanced
smithmark@example.net;hindi;advanced
smithmark@example.net;mandarin/chinese;advanced
smithmark@example.net;portuguese;advanced
smithsuzanne@example.net;arabic;advanced
smithsuzanne@example.net;spanish;intermediate
smithtammy@example.net;hindi;advanced
smithtammy@example.net;mandarin/chinese;beginner
staceyrichardson@example.org;arabic;advanced
staceyrichardson@example.org;german;advanced
staceyrichardson@example.org;portuguese;intermediate
stephaniewalker@example.org;arabic;advanced
stephaniewalker@example.org;german;advanced
stephaniewalker@example.org;malay/indonesian;advanced
stephaniewalker@example.org;portuguese;advanced
stevenburton@example.net;german;advanced
stevenburton@example.net;mandarin/chinese;intermediate
stevenburton@example.net;spanish;advanced
suemunoz@example.org;hindi;intermediate
suemunoz@example.org;malay/indonesian;beginner
suemunoz@example.org;spanish;intermediate
summersmith@example.org;arabic;advanced
summersmith@example.org;english;advanced
summersmith@example.org;portuguese;advanced
syates@example.com;mandarin/chinese;advanced
tamara53@example.net;russian;advanced
tamaramoran@example.net;malay/indonesian;beginner
tamaramoran@example.net;telugu;beginner
tammy20@example.org;japanese;intermediate
tammy36@example.com;german;intermediate
tammy36@example.com;portuguese;beginner
tammy36@example.com;spanish;intermediate
taylorsteven@example.org;french;beginner
taylorsteven@example.org;hindi;beginner
taylorsteven@example.org;spanish;intermediate
tbradshaw@example.org;english;beginner
tbradshaw@example.org;russian;intermediate
tbradshaw@example.org;spanish;intermediate
terrence30@example.net;german;beginner
terrence30@example.net;portuguese;intermediate
terrence30@example.net;spanish;advanced
terricochran@example.com;french;beginner
terricochran@example.com;german;beginner
terricochran@example.com;hindi;beginner
terricochran@example.com;telugu;beginner
tevans@example.net;arabic;beginner
tevans@example.net;japanese;advanced
tgreen@example.net;mandarin/chinese;intermediate
thomasmichael@example.org;arabic;advanced
thompsonmichael@example.com;arabic;advanced
thompsonmichael@example.com;hindi;beginner
thompsonmichael@example.com;portuguese;beginner
thudson@example.com;arabic;beginner
thudson@example.com;english;beginner
thudson@example.com;mandarin/chinese;intermediate
tiffanygonzalez@example.net;malay/indonesian;advanced
tiffanygonzalez@example.net;spanish;beginner
tiffanykirby@example.net;arabic;advanced
tiffanykirby@example.net;malay/indonesian;intermediate
tiffanykirby@example.net;telugu;beginner
tina09@example.com;arabic;advanced
tina09@example.com;french;beginner
tina09@example.com;hindi;advanced
tleonard@example.org;arabic;intermediate
tleonard@example.org;japanese;intermediate
tmorgan@example.com;spanish;beginner
todd36@example.org;japanese;intermediate
todd36@example.org;malay/indonesian;beginner
todd36@example.org;russian;advanced
todd36@example.org;spanish;advanced
toddrobert@example.org;arabic;beginner
toddrobert@example.org;english;beginner
toddrobert@example.org;mandarin/chinese;advanced
toddrobert@example.org;portuguese;beginner
toddrobert@example.org;spanish;advanced
toni13@example.org;arabic;advanced
toni13@example.org;malay/indonesian;advanced
toni13@example.org;telugu;advanced
townsendmark@example.net;french;advanced
townsendmark@example.net;telugu;intermediate
traceyneal@example.net;french;beginner
triley@example.com;german;advanced
troy57@example.com;german;advanced
tryan@example.org;english;intermediate
tryan@example.org;mandarin/chinese;beginner
tryan@example.org;spanish;intermediate
tryan@example.org;telugu;beginner
tstewart@example.com;arabic;advanced
tstewart@example.com;hindi;beginner
tstewart@example.com;japanese;advanced
tstewart@example.com;spanish;advanced
tstewart@example.com;telugu;beginner
tuckercrystal@example.org;french;beginner
tuckercrystal@example.org;japanese;beginner
tuckercrystal@example.org;malay/indonesian;intermediate
tuckercrystal@example.org;spanish;intermediate
tuckercrystal@example.org;telugu;intermediate
tuckermatthew@example.net;arabic;advanced
tuckermatthew@example.net;russian;beginner
tuckermatthew@example.net;spanish;intermediate
tylerdavid@example.org;english;beginner
tylerdavid@example.org;german;advanced
tylerdavid@example.org;japanese;intermediate
ucruz@example.com;english;intermediate
uharper@example.org;portuguese;advanced
uharper@example.org;telugu;advanced
uhill@example.net;mandarin/chinese;beginner
uhill@example.net;spanish;beginner
umoss@example.com;english;advanced
umoss@example.com;telugu;intermediate
underwoodtina@example.net;english;beginner
underwoodtina@example.net;malay/indonesian;beginner
underwoodtina@example.net;mandarin/chinese;intermediate
underwoodtina@example.net;spanish;advanced
underwoodtina@example.net;telugu;advanced
uneal@example.com;english;beginner
uneal@example.com;mandarin/chinese;beginner
uneal@example.com;russian;beginner
uneal@example.com;telugu;advanced
usanchez@example.net;french;advanced
usanchez@example.net;mandarin/chinese;advanced
usanchez@example.net;telugu;intermediate
ushelton@example.com;arabic;advanced
ushelton@example.com;french;intermediate
ushelton@example.com;hindi;advanced
uvargas@example.net;arabic;beginner
uvargas@example.net;russian;intermediate
uvargas@example.net;telugu;beginner
uwilliams@example.org;arabic;intermediate
vanessabowen@example.org;german;beginner
vanessabowen@example.org;portuguese;beginner
vanessabowen@example.org;russian;intermediate
vanessabowen@example.org;telugu;advanced
vclayton@example.org;mandarin/chinese;advanced
vdavis@example.org;english;intermediate
vdavis@example.org;telugu;intermediate
vgonzalez@example.com;arabic;beginner
vgonzalez@example.com;english;beginner
vgonzalez@example.com;hindi;intermediate
vgonzalez@example.com;japanese;advanced
vgonzalez@example.com;russian;intermediate
vharvey@example.net;arabic;intermediate
vharvey@example.net;french;advanced
vharvey@example.net;german;beginner
virginiaboyd@example.com;arabic;advanced
virginiaboyd@example.com;malay/indonesian;intermediate
virginiaboyd@example.com;portuguese;beginner
vlynch@example.com;arabic;advanced
vlynch@example.com;french;advanced
vlynch@example.com;japanese;beginner
vlynch@example.com;mandarin/chinese;advanced
walkerdavid@example.net;hindi;advanced
walkerdavid@example.net;japanese;intermediate
walkerdavid@example.net;malay/indonesian;intermediate
walkerdavid@example.net;mandarin/chinese;beginner
walkerdavid@example.net;portuguese;intermediate
walkerlaura@example.com;german;beginner
walkerlaura@example.com;hindi;beginner
walkerlaura@example.com;spanish;advanced
waltersandrea@example.org;arabic;intermediate
waltersandrea@example.org;mandarin/chinese;beginner
waltersandrea@example.org;portuguese;advanced
waltersandrea@example.org;spanish;advanced
watersdaniel@example.net;english;beginner
watersdaniel@example.net;hindi;intermediate
watersdaniel@example.net;japanese;advanced
watkinsashley@example.org;malay/indonesian;beginner
watkinsashley@example.org;portuguese;intermediate
watsonjoshua@example.net;japanese;beginner
watsonjoshua@example.net;telugu;advanced
wendycoleman@example.com;german;advanced
wendycoleman@example.com;portuguese;intermediate
wendycoleman@example.com;spanish;beginner
wendycoleman@example.com;telugu;beginner
wendysteele@example.org;arabic;intermediate
wendysteele@example.org;english;advanced
wendysteele@example.org;spanish;beginner
wendysteele@example.org;telugu;advanced
wheelermariah@example.org;arabic;advanced
wheelermariah@example.org;mandarin/chinese;beginner
wheelermariah@example.org;portuguese;advanced
wheelermariah@example.org;telugu;intermediate
whitejacqueline@example.com;arabic;advanced
whitejacqueline@example.com;french;advanced
whitejacqueline@example.com;malay/indonesian;advanced
william88@example.org;arabic;beginner
william88@example.org;french;beginner
william88@example.org;japanese;beginner
william88@example.org;malay/indonesian;intermediate
williamharris@example.org;german;intermediate
williamharris@example.org;spanish;advanced
williammartin@example.com;arabic;advanced
williammartin@example.com;french;advanced
williammartin@example.com;spanish;intermediate
williamsalexis@example.org;hindi;intermediate
williamsalyssa@example.net;arabic;advanced
williamsalyssa@example.net;german;advanced
williamsalyssa@example.net;hindi;advanced
williamsalyssa@example.net;japanese;advanced
williamsalyssa@example.net;mandarin/chinese;beginner
williamsmith@example.net;french;advanced
woodkenneth@example.org;hindi;advanced
woodkenneth@example.org;russian;beginner
wpark@example.com;hindi;advanced
wpark@example.com;telugu;advanced
wrightkathleen@example.com;english;intermediate
wrightkathleen@example.com;french;advanced
wrightkathleen@example.com;german;advanced
wrightkathleen@example.com;portuguese;advanced
wswanson@example.net;hindi;advanced
wwalters@example.com;arabic;intermediate
wwalters@example.com;hindi;beginner
wwalters@example.com;japanese;advanced
wwalters@example.com;spanish;advanced
xcarter@example.org;arabic;advanced
xcarter@example.org;hindi;advanced
xcarter@example.org;japanese;advanced
xcarter@example.org;spanish;advanced
xerickson@example.net;hindi;beginner
xstephens@example.org;mandarin/chinese;advanced
xstephens@example.org;russian;advanced
yangyolanda@example.org;english;advanced
yangyolanda@example.org;hindi;advanced
yangyolanda@example.org;portuguese;intermediate
ybaxter@example.com;japanese;beginner
ycruz@example.org;telugu;beginner
yhill@example.org;english;beginner
yhill@example.org;russian;advanced
yhill@example.org;spanish;intermediate
yjones@example.org;arabic;intermediate
yjones@example.org;malay/indonesian;intermediate
ymartin@example.net;arabic;intermediate
ymartin@example.net;french;advanced
ymartin@example.net;german;intermediate
ymartin@example.net;malay/indonesian;intermediate
ymartin@example.net;spanish;advanced
youngsamantha@example.com;hindi;beginner
youngstephen@example.net;arabic;beginner
youngstephen@example.net;french;intermediate
youngstephen@example.net;malay/indonesian;advanced
youngstephen@example.net;mandarin/chinese;advanced
youngstephen@example.net;portuguese;intermediate
yrichardson@example.org;arabic;advanced
yrichardson@example.org;japanese;advanced
yrichardson@example.org;malay/indonesian;beginner
yrojas@example.com;arabic;intermediate
yrojas@example.com;french;advanced
yrojas@example.com;japanese;beginner
yrojas@example.com;telugu;beginner
ysullivan@example.com;portuguese;beginner
ysullivan@example.com;russian;intermediate
ywallace@example.org;french;advanced
ywallace@example.org;japanese;intermediate
ywallace@example.org;portuguese;intermediate
zgutierrez@example.org;hindi;beginner
zgutierrez@example.org;spanish;advanced
zhunter@example.com;german;advanced
zhunter@example.com;mandarin/chinese;intermediate
zhunter@example.com;russian;intermediate
zhunter@example.com;spanish;beginner
zjohnson@example.org;arabic;intermediate
zjohnson@example.org;hindi;beginner
zjohnson@example.org;japanese;advanced
zlee@example.org;arabic;beginner
zlee@example.org;french;beginner
zlee@example.org;hindi;beginner
zlee@example.org;spanish;advanced
zlee@example.org;telugu;advanced
zmitchell@example.com;arabic;intermediate
zmitchell@example.com;hindi;beginner
zmitchell@example.com;russian;advanced
zmitchell@example.com;spanish;beginner
zmitchell@example.com;telugu;advanced
znash@example.net;german;advanced
znash@example.net;mandarin/chinese;intermediate
znash@example.net;spanish;intermediate
