Age;Country;Email;Gender;Name;Plan
60;Pakistan;grantashley@example.net;Male;Sarah Forbes;Free
27;Belgium;john75@example.org;Male;Laura Porter;Premium
24;Australia;nataliescott@example.net;Male;John Stone;Premium
23;Switzerland;ybaxter@example.com;Male;Misty Murphy;Free
77;Italy;melaniemeyer@example.net;Male;Susan Miller;Free
69;Mexico;hancockmichelle@example.net;Female;Donna King;Free
28;United Kingdom;hbowman@example.net;Female;Ann Knight;Premium
96;Bangladesh;kimberly03@example.net;Male;Jose Espinoza;Free
64;Canada;matthewtucker@example.com;Male;Laura Williams;Premium
70;Germany;christopherholmes@example.com;Other;Jeffery Stephens;Premium
52;Malaysia;alisha49@example.org;Other;Kathleen Stanley;Premium
92;Australia;vasqueztony@example.org;Male;Christian Moreno;Free
68;Netherlands;terry54@example.com;Other;Roger Hardin;Premium
52;South Korea;tmccullough@example.com;Female;Steven Mclean;Premium
62;Australia;ukrause@example.net;Other;Brandy White;Premium
77;China;daniel74@example.org;Female;Tina Richardson;Premium
91;Brazil;russell73@example.org;Female;Jim Knight;Premium
63;Indonesia;courtney07@example.com;Other;Anthony Cabrera;Free
82;Portugal;mcculloughjeff@example.com;Male;Charles Torres;Premium
63;Argentina;tlogan@example.com;Male;Holly Martinez;Premium
27;New Zealand;andrewcole@example.com;Male;Daniel Lozano;Free
29;Pakistan;naustin@example.org;Other;John Anderson;Premium
93;Indonesia;graykristina@example.org;Male;Chad Carey;Free
63;United Kingdom;jonathan08@example.org;Other;Jason Ryan;Premium
85;Indonesia;modonnell@example.org;Male;David Moore;Premium
87;Philippines;gsweeney@example.net;Male;Tammy Ortiz;Premium
72;United States;heidi48@example.com;Female;Megan Kim;Premium
36;Brazil;jeremy63@example.org;Other;Laura Carter;Free
44;France;latoya09@example.net;Male;Jeffrey Smith;Premium
48;Japan;jadegutierrez@example.net;Male;Michael Sanders;Free
60;Finland;diana51@example.org;Other;Savannah Cardenas;Free
94;Vietnam;michaelsmith@example.net;Male;Daniel Herman;Premium
72;Kenya;qmarshall@example.net;Other;Jennifer Ryan;Free
63;India;martinezmichael@example.org;Female;Cheryl Hughes;Premium
32;Argentina;mitchellandrew@example.com;Female;Rebecca Garcia;Free
81;India;wallacedouglas@example.com;Other;John Mason;Free
51;Kenya;camposjasmin@example.com;Male;Adam Gibson;Free
64;New Zealand;albert00@example.net;Male;Cathy Thompson;Free
31;China;sandrafowler@example.com;Male;Eric Clark;Premium
29;Japan;anthony84@example.net;Male;Melissa Patton;Free
30;Nigeria;whitesandra@example.com;Other;George Rose DVM;Premium
27;Brazil;joannanavarro@example.org;Other;Jack Rose;Premium
70;Mexico;stephanie21@example.net;Female;Aaron Gibson;Free
59;Japan;robertfoster@example.org;Other;Allison Kelly;Free
57;Ukraine;christy35@example.com;Other;Ashley Johnson;Free
72;Malaysia;kennethwilliams@example.org;Female;Albert Johnson;Premium
48;Canada;traceyneal@example.net;Male;Carrie Brown;Free
78;Argentina;sarah24@example.org;Female;Timothy Hanson;Premium
54;Argentina;brianjackson@example.org;Female;Ryan Turner;Free
80;Switzerland;christina14@example.org;Female;Sandy Delacruz;Premium
79;Germany;philliple@example.com;Other;Shannon Hughes;Premium
34;Mexico;william29@example.org;Other;Paul Trujillo;Premium
57;Thailand;fmullins@example.net;Female;Michael Ramirez;Premium
94;Spain;marknguyen@example.net;Other;Shawn Walton;Premium
61;Malaysia;jenningsjohn@example.com;Male;Michael Velazquez MD;Premium
68;Argentina;felliott@example.org;Male;Kimberly Thompson;Premium
77;Spain;qsimpson@example.com;Other;Michael Lee;Premium
60;Bangladesh;brandonmeyer@example.com;Male;John Morgan;Free
55;Egypt;janetkennedy@example.org;Female;Brady Daniels;Premium
98;Denmark;paul38@example.org;Male;Sheila Lee;Premium
78;France;kristi37@example.net;Other;Jerry Harris;Free
82;Mexico;katieyork@example.org;Female;Bradley Contreras;Premium
99;United States;cterry@example.net;Other;James Graham;Premium
95;France;hjackson@example.net;Male;John Smith;Premium
65;Finland;johnsonandrew@example.org;Female;Laura Myers;Premium
40;Pakistan;penavanessa@example.net;Male;Larry Perez;Free
35;South Africa;whitedavid@example.net;Male;Austin Gibson;Free
80;Spain;michaelgarcia@example.org;Other;Tammy Brown;Premium
29;Thailand;lelliott@example.com;Female;Cody Greene;Free
58;Spain;stevensonlarry@example.net;Female;Dustin Williams;Free
88;South Korea;clintonmoody@example.com;Other;Mark Mullen;Premium
96;Vietnam;grahamnicholas@example.com;Other;Hannah Estrada;Premium
38;Russia;michaelhall@example.net;Female;Dennis Smith;Premium
20;Germany;joelfreeman@example.com;Female;Samuel Ortiz;Free
54;China;millerheather@example.com;Female;Elizabeth Gonzalez;Premium
19;Norway;thomaselizabeth@example.com;Other;Austin Cox;Free
57;New Zealand;sgregory@example.com;Female;William Bailey;Premium
100;Portugal;douglascervantes@example.net;Female;Nicole Johnson;Free
96;United Kingdom;stephen01@example.org;Female;Michael Galloway;Premium
89;Australia;joshua12@example.net;Male;Rose Wallace;Premium
45;Mexico;omiller@example.com;Male;Thomas Kramer;Free
96;Indonesia;emily99@example.org;Male;Philip Olson;Free
98;Indonesia;andrea42@example.com;Male;Theodore Stevens;Premium
26;Philippines;caitlinanderson@example.com;Other;Terri Wilson;Free
47;Thailand;francisco32@example.org;Other;Kathryn Day;Premium
40;Pakistan;breannacase@example.net;Male;Lori Roberts;Premium
68;Sweden;stevensnicole@example.com;Male;Anna Bennett;Free
46;Philippines;hancockanthony@example.net;Other;Sarah Smith;Free
26;New Zealand;alyssa04@example.net;Male;Evan Smith;Free
44;Spain;dustin12@example.com;Male;Allen Bush;Free
68;United Kingdom;haleyjohn@example.org;Female;Sabrina Hansen;Premium
58;Netherlands;hbrown@example.org;Male;Dwayne Tucker;Premium
29;Finland;davidjames@example.com;Female;Stacy Manning;Free
69;Italy;yromero@example.com;Female;Jennifer Anderson;Premium
48;Pakistan;shawnharris@example.org;Female;Jessica Grimes;Free
59;Japan;stephanie10@example.com;Male;Steven Bennett;Premium
23;Australia;woodkenneth@example.org;Male;Shawn Coleman;Premium
68;China;robert65@example.org;Other;Kara Robles;Premium
98;Mexico;logan02@example.net;Other;John Ortiz;Free
20;Nigeria;melissa90@example.com;Other;Gregory Wright;Free
85;Japan;diana20@example.net;Other;Laurie Hendrix;Free
90;Italy;jeremiah01@example.net;Female;Linda Anthony;Free
90;Denmark;kristiedavis@example.com;Other;Natasha Valentine;Free
20;Norway;isaac84@example.org;Female;Kristi Carpenter;Free
39;China;cuevaskerri@example.net;Male;Steven Scott;Free
42;Italy;claytonperry@example.com;Male;Jesse Simmons;Free
93;India;owensjordan@example.net;Other;Scott Sutton;Free
90;Portugal;etaylor@example.org;Female;Lisa Vaughn;Free
58;India;narcher@example.net;Male;Jade Pena;Free
90;Switzerland;laurenbryan@example.com;Female;Sharon Hall;Free
57;Japan;bradleykenneth@example.com;Female;Dwayne Aguirre;Premium
68;Canada;boydpeter@example.org;Female;Desiree Evans;Premium
36;Portugal;gdelacruz@example.org;Female;Madison Russell MD;Free
67;Egypt;shortraymond@example.com;Other;Mr. Cory Johnson;Free
73;Nigeria;lucasdeborah@example.org;Other;Cristina Smith;Free
59;Kenya;jamesjensen@example.com;Female;Isaac Walker;Free
35;Pakistan;leelarry@example.net;Other;Brian Miller;Premium
18;Kenya;xstephens@example.org;Female;Kyle Johnson;Free
62;Netherlands;tonyconrad@example.org;Male;Christina Mcdonald;Free
56;South Africa;nrodriguez@example.net;Other;Jimmy Mckenzie;Premium
82;Portugal;christystanley@example.net;Female;Troy Jackson;Free
91;Thailand;megan03@example.net;Other;Travis Castaneda;Free
18;Netherlands;leecharlene@example.org;Male;Aaron Smith;Premium
67;Russia;walkerricky@example.com;Female;Victoria Washington MD;Premium
53;South Korea;rachelfigueroa@example.net;Female;Donald Jackson;Premium
29;Portugal;trujillodenise@example.com;Female;Judy Johnson;Premium
26;France;hamiltonmatthew@example.com;Female;Hannah Miller;Premium
65;China;gutierrezmatthew@example.net;Other;Mrs. Donna Lopez MD;Premium
35;Bangladesh;hannah60@example.org;Male;Brian Richmond;Premium
49;Netherlands;hharrell@example.net;Male;Casey Wilson;Free
30;Netherlands;lkelly@example.com;Other;Diane Young;Free
90;Mexico;ashley08@example.org;Female;Cameron Woods;Premium
95;Sweden;sean96@example.com;Female;Kimberly Maynard;Premium
36;Portugal;wevans@example.org;Other;Juan Yang;Premium
67;Russia;ngonzalez@example.org;Other;Valerie Lewis;Premium
35;Pakistan;grodriguez@example.net;Other;Chad Fuller;Free
99;Vietnam;marcthomas@example.com;Female;Cynthia Morgan;Premium
41;Switzerland;knunez@example.net;Male;Diamond Stanley;Free
30;Bangladesh;jennifer09@example.net;Other;Amy Watson;Premium
36;Pakistan;johnsonjoseph@example.org;Female;Roy West;Premium
81;Canada;barnesjamie@example.net;Other;Ryan Walker;Free
47;Germany;sconner@example.net;Other;Cassie Velasquez;Premium
81;Brazil;nhood@example.net;Female;Jacqueline Gonzalez;Premium
83;Vietnam;steelejohn@example.net;Male;Andrew Dickerson;Premium
61;South Africa;hayesjessica@example.org;Other;Joshua Baker;Premium
98;Australia;jeremy00@example.net;Female;Sarah Fitzgerald;Premium
98;Ukraine;currybrian@example.net;Other;Nicholas Johnson;Premium
87;Denmark;mstevens@example.net;Female;Andrew Hatfield;Free
27;Brazil;gregorymontgomery@example.net;Male;Jeff Ferguson;Free
87;Denmark;farleymark@example.com;Other;Max Willis;Free
98;South Korea;sbrown@example.net;Other;David Smith;Premium
64;Canada;salvarado@example.org;Other;Jason Mckenzie;Free
91;Portugal;lewisbianca@example.com;Other;Kelly Garcia;Premium
20;Egypt;jeffery80@example.net;Female;Jennifer Jones;Premium
45;Portugal;janetpetty@example.net;Other;John Thompson;Free
24;Mexico;thomasmichelle@example.net;Other;Austin Rodriguez;Premium
83;Thailand;alexandra22@example.com;Other;Lisa Lewis;Premium
38;New Zealand;tortiz@example.net;Other;Jessica Mills;Free
44;South Korea;harrisemily@example.org;Female;Andrea Barry;Premium
31;Philippines;joshua70@example.net;Other;Victoria Brown;Premium
51;Brazil;amanda18@example.org;Male;Bradley Jones;Premium
76;Kenya;lisa49@example.net;Other;Michael Hernandez;Premium
96;Italy;robinfletcher@example.net;Other;Jason Lloyd;Premium
55;Nigeria;earlhorne@example.net;Female;Sean Rhodes;Free
65;Egypt;scobb@example.net;Other;Sergio Cook;Free
18;Spain;parkschristopher@example.org;Female;David Rodriguez;Free
47;Sweden;andrea24@example.org;Other;Richard Smith;Free
83;United States;jonathanbennett@example.com;Other;Michael Murray;Free
58;China;marywagner@example.com;Other;Gregory Davila;Premium
39;Pakistan;vsmith@example.com;Other;Andrew Wagner;Premium
27;New Zealand;teresa28@example.com;Other;Brian Wilson;Free
45;Norway;janderson@example.org;Other;Robert Hall;Free
89;France;pricebrent@example.net;Male;Mary Erickson;Free
53;Philippines;lcox@example.net;Male;Karl Garcia;Free
67;China;martinselena@example.org;Female;Elizabeth Russell;Free
75;Switzerland;rubenking@example.com;Male;Stephen Tran;Free
76;Kenya;cherylstewart@example.com;Other;Christy Johnson;Premium
37;Switzerland;glen64@example.net;Male;Ryan Solomon;Free
75;Brazil;benjaminrichards@example.net;Female;Thomas Sherman;Premium
46;Kenya;kaylamccall@example.org;Female;Victor Hernandez;Free
55;China;james22@example.net;Other;Heather Young;Premium
44;Mexico;markjimenez@example.net;Other;John Cuevas MD;Premium
68;Spain;heather33@example.com;Male;Katie Mullins;Premium
39;Germany;kelleralec@example.org;Female;Carlos Frazier;Free
84;Bangladesh;gregorydebra@example.org;Male;Reginald Brown;Premium
86;Australia;petersennichole@example.net;Other;Derrick Thomas;Free
97;Mexico;jennifer28@example.org;Female;Matthew Jones;Premium
60;Pakistan;michael06@example.com;Female;Mary Watkins;Free
76;Netherlands;rachelhill@example.net;Other;Eric Reid;Free
43;Philippines;shawtroy@example.net;Other;Heather Burgess;Premium
66;Brazil;vrodriguez@example.org;Male;Martin Pena;Free
87;Denmark;lcampos@example.net;Female;Mitchell Woods;Premium
70;Indonesia;smithalexandra@example.org;Female;Daniel Molina;Free
86;Philippines;shannonharmon@example.com;Other;Abigail Moore;Premium
24;Japan;christy73@example.net;Other;Eric Alexander;Premium
29;Malaysia;blakebuckley@example.com;Female;Donna Keith;Premium
88;United States;brianramos@example.org;Other;Krista Allen;Free
36;Malaysia;gregmccall@example.net;Male;Christopher Kelley;Free
32;Portugal;ilawson@example.org;Male;James Brennan;Free
58;Spain;kristen11@example.net;Female;Katherine Williamson;Free
58;United States;mcdonaldlaura@example.com;Female;Michael Johnson;Free
47;Philippines;oscarstark@example.org;Male;Robert Brown;Free
44;Brazil;isaacjohnston@example.org;Other;Nicholas Mcmillan;Free
48;France;xmiller@example.org;Other;Stephen Shannon;Free
48;Thailand;powersadam@example.com;Female;Anthony Floyd;Premium
62;Russia;christine29@example.com;Other;Laura Jackson;Premium
45;Belgium;joshuaharrison@example.com;Female;Annette Duncan;Free
59;France;crawfordjennifer@example.com;Female;Adam Houston;Premium
100;Russia;rebeccaunderwood@example.com;Male;Sheila Mclean;Premium
44;Sweden;aaron79@example.com;Female;Mark Webb;Premium
21;United States;jennifer64@example.com;Male;Lee Gonzalez;Free
45;Norway;gonzalezkelly@example.com;Other;Nicholas Bradley;Free
65;Sweden;qrubio@example.org;Other;Steven Jackson;Free
21;Pakistan;sshaw@example.com;Male;Theresa Keller;Free
56;South Africa;smithlaura@example.org;Other;William Allen;Free
34;Brazil;bthomas@example.com;Female;Robert Miller;Free
38;Spain;dcruz@example.com;Other;Randy Nguyen;Free
19;Pakistan;emilyallison@example.net;Male;Jo Deleon;Premium
46;Bangladesh;jason59@example.com;Other;Amber Vance;Premium
43;Bangladesh;mjones@example.com;Other;Diana Jackson;Free
18;Vietnam;james55@example.com;Other;Douglas Hall;Premium
49;Philippines;justinfitzgerald@example.net;Female;Annette Quinn;Premium
79;Switzerland;nancy60@example.org;Female;Joe Lambert;Premium
52;India;jeremiahyoung@example.org;Male;Robert Dixon;Free
36;Thailand;moniquelewis@example.com;Other;Christy Davis;Free
57;Sweden;nthomas@example.com;Other;Lisa Anderson;Premium
81;China;collinwillis@example.com;Male;Michele Pratt;Premium
85;Russia;jcooper@example.org;Female;Katrina Hall DDS;Free
67;Italy;timothy30@example.com;Male;Elizabeth Black;Free
41;Russia;browngeorge@example.net;Female;Sharon Duffy;Premium
73;China;kelly23@example.net;Female;David Dominguez;Free
40;Kenya;harristravis@example.org;Female;Michelle Johnson;Free
92;Australia;juliehunter@example.com;Other;Heather Williams;Premium
63;Nigeria;fwashington@example.org;Female;Chelsea Jimenez;Free
43;Denmark;joshuapoole@example.org;Other;Susan Leonard;Premium
44;Malaysia;andersonlisa@example.net;Other;Jesse Hernandez;Premium
100;United States;lgreen@example.org;Other;Pamela Sims;Premium
47;Russia;phillipmartinez@example.com;Other;Kristin Riley;Premium
54;Netherlands;sanchezmary@example.net;Other;Brandon Gardner;Premium
63;Denmark;shelley44@example.org;Other;Carol Gray;Free
55;Kenya;shannon62@example.net;Other;Elizabeth Lopez MD;Premium
66;Kenya;fordlisa@example.net;Male;Mr. James Williams MD;Premium
54;New Zealand;asteele@example.net;Male;Jean Jackson;Premium
83;Ukraine;anthonyday@example.org;Female;Juan Kline;Free
37;China;conleycathy@example.org;Other;Mr. Charles Morse;Free
68;Pakistan;colinmoore@example.org;Other;Gabriela Sanchez;Premium
31;France;lwashington@example.com;Other;Seth Martinez;Free
73;Pakistan;richardkelly@example.net;Male;Lawrence Moreno;Premium
32;Denmark;jenniferwerner@example.net;Female;Bradley Smith;Free
19;Brazil;smithjustin@example.org;Other;Jordan Obrien;Premium
58;Mexico;meganturner@example.org;Female;Richard Morris;Free
33;Germany;ryanchambers@example.com;Other;David Russo;Premium
86;Australia;lflores@example.net;Other;Samantha Dean;Premium
90;Finland;michael21@example.org;Other;James Hardin;Premium
54;Argentina;christopher72@example.com;Male;Rachel Best;Free
68;United States;gdominguez@example.com;Other;Samuel Morrison;Premium
69;Australia;rstevenson@example.org;Female;Michelle Mullins;Free
84;Belgium;johnathan13@example.com;Male;Debbie Beasley;Premium
70;Russia;hjackson@example.org;Female;Donna Figueroa;Premium
50;Japan;tarareed@example.com;Female;Michael Martinez;Free
79;Indonesia;andrewsmith@example.net;Other;Larry Ortiz;Free
100;Ukraine;wmooney@example.net;Other;Sarah Mcclure;Free
34;Vietnam;michaelgreene@example.com;Other;Raymond Taylor;Free
50;Spain;chadboyle@example.com;Other;Karen Arroyo;Premium
71;Malaysia;mcclurelouis@example.net;Female;Ashley Brown;Free
48;South Korea;smithsonia@example.com;Male;John Brown;Premium
88;Spain;amandafuller@example.com;Male;Monica Martinez;Free
35;South Korea;tamara53@example.net;Female;Sheila Johnson;Premium
92;Japan;xcastillo@example.net;Other;Anthony Shaffer;Premium
52;France;dianayoder@example.net;Female;Joshua Salas;Premium
27;Nigeria;richard54@example.com;Male;Elizabeth Vincent;Free
41;Australia;tferrell@example.net;Female;Amber Moses;Free
90;Australia;bthomas@example.org;Female;Kimberly Alvarez;Free
27;Philippines;amandarobinson@example.net;Female;Tammy Jenkins;Free
47;Portugal;oneillstephanie@example.net;Male;Kelly Johnson;Premium
30;China;wendysteele@example.org;Female;Ryan Walker;Premium
21;Argentina;ncobb@example.com;Other;Janet Parker;Premium
43;India;timothy52@example.org;Female;David Robbins;Free
82;South Africa;clarkcameron@example.com;Male;Heather Sutton;Premium
38;South Africa;vjones@example.net;Other;Rachel Martin;Premium
35;Bangladesh;danieljames@example.com;Male;Benjamin Martinez;Premium
59;South Korea;mccoylisa@example.net;Female;Timothy Johnson;Premium
51;Philippines;turnersamantha@example.com;Other;John Taylor;Premium
89;Thailand;ginabrown@example.net;Female;Casey Hudson;Premium
50;South Africa;hmitchell@example.org;Female;Samuel Mclean;Premium
24;Nigeria;williamsjose@example.com;Male;Cynthia Alexander;Free
78;Australia;hamiltonmeghan@example.com;Other;Suzanne Gilmore;Premium
74;Kenya;fergusongabriela@example.org;Female;Martin Warren;Premium
95;Italy;lbell@example.org;Male;Matthew Rose;Premium
32;Kenya;rebecca63@example.com;Female;Donald Conner;Premium
87;Spain;elizabeth50@example.org;Other;Allen Smith;Premium
49;Mexico;lauren07@example.org;Female;Lauren Jackson;Free
64;Portugal;pmartinez@example.com;Female;Jeffrey Barry;Free
61;New Zealand;alex25@example.net;Other;Anthony Thompson;Premium
55;Germany;mcdonaldnathan@example.org;Female;Cynthia Diaz;Premium
20;Norway;tyler35@example.net;Male;Jamie Brennan;Premium
66;Ukraine;barnesashley@example.net;Other;Brittany Hernandez;Free
42;Bangladesh;jeffrey88@example.com;Female;Michael Brown;Free
56;Sweden;sandra45@example.com;Male;Guy Zuniga;Premium
49;Nigeria;deniserodriguez@example.org;Female;Mrs. Holly Eaton;Premium
63;Canada;abryant@example.org;Other;Roy Fox;Premium
31;Malaysia;stevenburton@example.net;Female;Jeffery Galvan;Free
87;Pakistan;brownshane@example.com;Other;Claire Davidson;Premium
80;United Kingdom;jwhite@example.org;Female;Mr. Manuel Cuevas;Premium
77;Switzerland;garykelly@example.org;Female;Scott Price;Free
40;China;nicholascarter@example.org;Male;Jeffrey Savage;Free
79;Norway;sanchezmary@example.com;Male;Miss Hannah Smith;Premium
23;Netherlands;quinnsherri@example.com;Male;Jeff Hines;Free
23;Belgium;zgallagher@example.org;Male;Matthew Walker;Free
51;Belgium;ysullivan@example.com;Other;Norma Fisher;Free
26;New Zealand;ulyons@example.com;Female;Andrea Rogers;Free
69;United States;sarahcasey@example.net;Male;Robert Davis;Premium
43;Sweden;rlewis@example.org;Other;Christine Newman;Free
37;Russia;troywhite@example.com;Male;Emily Davis;Free
66;Canada;xfernandez@example.net;Other;Billy Gill;Premium
48;Egypt;abrown@example.com;Male;Michael James;Premium
94;China;audreywilliams@example.net;Other;Sarah Rogers;Free
82;Nigeria;mgonzalez@example.com;Female;Charles Perez;Premium
94;Thailand;annflynn@example.net;Other;Kimberly Edwards;Free
35;Spain;qclark@example.com;Other;Charles Barton;Free
35;Spain;wheelerrobert@example.com;Male;Evan Barron;Premium
77;Ukraine;melvin22@example.org;Female;Mark Hines;Free
28;China;michaelcox@example.org;Male;Jessica White;Free
57;Sweden;uwright@example.net;Other;Robert Bryan;Premium
88;Belgium;hramos@example.com;Other;Martin Harris;Premium
62;Italy;angela69@example.com;Male;Jody Lawson;Premium
72;South Korea;paula83@example.org;Other;Tabitha Murray;Free
38;China;fjones@example.com;Other;Paige Romero;Premium
99;Germany;glenngarza@example.com;Male;Jennifer Martinez MD;Free
69;Ukraine;aramirez@example.com;Other;Anthony Ho;Premium
79;Pakistan;kristindoyle@example.net;Male;Brooke Young;Premium
20;China;martha33@example.net;Other;Michele Smith;Premium
75;Spain;michaelrodgers@example.net;Female;Heather Harmon;Premium
24;Philippines;brianna07@example.com;Other;Christina Miller;Premium
85;France;iparker@example.net;Male;Tonya Barnett;Premium
90;Malaysia;heidiharris@example.org;Other;Christina Howard PhD;Free
90;New Zealand;smithjacqueline@example.com;Other;Christopher Brooks;Premium
49;Vietnam;qbaker@example.com;Male;Amber Duncan;Premium
67;Italy;scottmccall@example.com;Female;Brent French;Premium
73;India;juan03@example.org;Male;Tyler King;Premium
55;Australia;usanchez@example.net;Male;Jonathan Graham;Premium
24;Philippines;sarabender@example.net;Female;Carrie Thomas;Free
34;Italy;guerrerojason@example.org;Male;Anthony Smith;Free
22;Egypt;sdavis@example.net;Male;Alyssa Randolph;Premium
98;Vietnam;parkerwilliam@example.org;Male;James Gross;Free
72;Australia;kimberlyjohnson@example.net;Male;Sheena Russell;Premium
75;South Africa;jennifergilbert@example.net;Female;Tonya Aguilar;Free
65;Indonesia;herringjames@example.com;Other;Christina Howard;Premium
96;Vietnam;joshuamoore@example.org;Female;Patricia Johnston;Free
39;Kenya;zwilliams@example.com;Male;Cody Crawford;Free
23;Brazil;martinadam@example.net;Female;Cindy Adams;Free
88;Kenya;garyclark@example.org;Female;Angela Coleman;Premium
22;Bangladesh;daleholt@example.com;Male;Scott Myers;Premium
56;Belgium;laura78@example.net;Male;Crystal Lee;Free
95;United Kingdom;kfisher@example.net;Other;David Espinoza;Premium
81;Thailand;ariasmatthew@example.com;Male;Trevor Wright;Premium
36;Italy;dgibson@example.com;Male;Melanie Lewis;Free
52;Italy;tayloradrian@example.com;Male;Collin Ward;Premium
88;Egypt;rbryant@example.net;Female;Justin Anderson;Premium
61;Vietnam;jpruitt@example.net;Other;Tracy Kirk;Premium
46;Finland;curtisshelley@example.net;Other;Dylan Clark;Premium
64;Belgium;ortizmichael@example.net;Other;Kenneth Jennings;Premium
96;Egypt;armstrongmark@example.org;Male;Joshua Murphy;Premium
59;South Africa;williamfrank@example.com;Male;Brandon Ochoa;Free
89;Netherlands;tamara53@example.net;Other;Russell Williams;Free
83;China;alexanderstevens@example.org;Male;Gregory Johnson;Free
52;New Zealand;hurstjose@example.com;Male;Cody Caldwell;Premium
79;Egypt;uvargas@example.net;Female;Eric Mays;Premium
84;Finland;knicholson@example.com;Male;Roy Rios;Premium
42;Malaysia;uhowell@example.net;Other;Chad Hernandez;Premium
99;Indonesia;dana26@example.net;Male;Gerald Scott;Free
58;Thailand;jamesmatthews@example.com;Other;Susan Leonard;Premium
98;Malaysia;clarkkatrina@example.net;Female;Daniel Williams;Premium
90;Nigeria;hjackson@example.com;Female;Carolyn Patel;Premium
56;Belgium;byrdashley@example.net;Other;Thomas Hess MD;Premium
70;Russia;jacksonpeter@example.org;Female;Dr. Amanda Robertson;Free
76;Norway;phendricks@example.org;Female;Jennifer Mitchell;Free
19;Nigeria;mhernandez@example.org;Other;Adam Griffin;Premium
50;Malaysia;darrenholden@example.org;Female;Joseph Peterson;Free
80;Mexico;josephbrooks@example.com;Female;Emily Bass;Free
81;New Zealand;khayes@example.com;Other;Melissa Perry DDS;Premium
31;Spain;paul53@example.org;Male;Nicole Holland;Premium
75;United States;stephaniecraig@example.org;Female;Yesenia Coleman;Premium
26;Japan;barnettlauren@example.org;Male;Michael Gibson;Free
82;Ukraine;michael02@example.com;Female;Breanna Smith;Free
26;New Zealand;lori26@example.net;Other;Michael Reyes;Premium
32;Malaysia;klevine@example.org;Male;Dr. Samantha Singleton;Free
56;Bangladesh;stephendavidson@example.net;Other;Collin Martin;Free
80;Brazil;anthonyrivera@example.net;Female;Rebecca Bates;Premium
97;Argentina;aliciaburns@example.net;Other;Mary Herrera;Premium
41;Spain;bjohnson@example.com;Female;David Greene;Free
62;Thailand;lauren47@example.com;Other;Jennifer Carey;Free
38;Brazil;gregorywillis@example.org;Female;Martin Ramirez;Premium
28;Finland;garciasarah@example.com;Male;Brandon Lowe;Free
41;Pakistan;ntanner@example.net;Female;Tammy Gray;Premium
98;Finland;christopherbooth@example.org;Male;Mr. Seth Cook;Premium
29;Germany;jillclark@example.org;Male;Curtis Daugherty;Free
80;Indonesia;jill57@example.org;Female;Jennifer Burton;Free
57;Finland;richardsonshannon@example.com;Female;Robert Green;Premium
64;United Kingdom;townsendmark@example.net;Male;Bobby Smith Jr.;Premium
80;Russia;jacobwhite@example.com;Other;Jamie Lewis;Premium
75;Germany;rubiofrank@example.org;Female;Jerome Manning;Free
80;South Africa;davidjohns@example.org;Other;Jason Zhang;Premium
99;Portugal;padillajessica@example.net;Other;Shari Torres;Free
47;Japan;lauren99@example.com;Other;Dean Lopez;Free
81;Pakistan;zmcgrath@example.org;Female;Lucas Washington;Premium
50;Egypt;michaellane@example.net;Other;Joseph Johnson;Free
81;Indonesia;aprilrojas@example.org;Female;Cristina Rivera;Free
56;Nigeria;adrian95@example.com;Other;Christine Roberts;Free
49;Pakistan;mistyramos@example.com;Female;Gary Harris;Free
35;Nigeria;pdorsey@example.org;Other;Martha Hall;Free
31;France;harrismichael@example.org;Male;Shelby Torres;Free
79;Malaysia;gthomas@example.org;Other;Kathryn Becker;Free
80;Pakistan;wrubio@example.org;Male;Darren Goodman;Free
71;Australia;hroy@example.com;Female;David Mclaughlin;Premium
59;Brazil;pamelaallen@example.net;Other;Mrs. Elizabeth Davis;Free
78;United Kingdom;dianabrooks@example.com;Male;Jennifer Mason;Free
44;Bangladesh;dillonchristine@example.net;Other;Adriana Smith;Free
91;Kenya;williamwright@example.org;Female;Gregory Chang;Free
78;Portugal;solomonaustin@example.net;Female;Jamie Adams;Premium
56;Pakistan;sierra20@example.com;Other;Diane Huang;Free
39;Spain;mfischer@example.net;Male;Matthew Wheeler;Free
68;United States;xpoole@example.net;Male;Maria Osborn;Premium
72;Australia;oprice@example.org;Male;Gregory Lucero;Free
89;Spain;zfields@example.org;Male;Heather Herring;Free
42;Mexico;hbray@example.com;Other;Mark Sweeney;Premium
47;United States;jonhouse@example.net;Male;Aimee Gregory;Premium
86;China;christinasullivan@example.net;Male;Jonathan Roberts;Free
24;Italy;pknight@example.net;Male;Joshua Whitney;Free
27;Russia;justinacosta@example.org;Other;Raymond Adams;Free
40;United States;nataliemoss@example.com;Female;James Proctor;Premium
93;Norway;vazquezadam@example.net;Male;Angel Blankenship;Free
40;India;marquezgregory@example.org;Other;Karen Wright;Premium
33;Denmark;ecarlson@example.net;Other;Michael Cook;Premium
60;Russia;ohunt@example.org;Other;Lawrence Hudson;Free
90;Netherlands;juliegilmore@example.com;Female;William Edwards;Premium
94;Spain;hartmanrobert@example.net;Male;Melissa Taylor;Free
89;Vietnam;vcook@example.org;Female;Lauren Martinez;Free
83;Belgium;priscilla86@example.com;Other;Jessica Palmer;Free
70;Bangladesh;ianrandolph@example.net;Male;Sheryl Reynolds;Premium
99;Japan;jessica32@example.net;Male;Aaron Nelson;Premium
30;Mexico;stanleyvanessa@example.org;Other;Madeline Roy;Premium
65;Switzerland;molly52@example.com;Female;Randy Brooks;Free
85;Bangladesh;valeriewhite@example.net;Male;Cassandra Little;Free
97;Pakistan;smithsharon@example.com;Other;Justin Higgins;Premium
85;South Africa;raychristopher@example.com;Other;Angela Stevens;Premium
90;Pakistan;jesus45@example.net;Other;Ryan Ray;Premium
87;Sweden;erik92@example.com;Female;Kaitlyn White;Premium
36;Argentina;charles23@example.net;Other;Sonya Lucas;Free
38;France;amyalvarez@example.com;Other;Paige Jackson;Premium
